"DateTime","Price","Losses","Break Even","Profit"
"2011-12-26 00:00:00",4.06,375224,15610,120556
"2011-12-27 00:00:00",4.03,375204,17039,119845
"2011-12-28 00:00:00",4.12,374431,14465,123450
"2011-12-29 00:00:00",4.22,374101,11407,127440
"2011-12-30 00:00:00",4.18,374174,15181,123989
"2011-12-31 00:00:00",4.6,372108,4257,137039
"2012-01-01 00:00:00",5.06,355256,18091,140360
"2012-01-02 00:00:00",5.14,354623,20150,139293
"2012-01-03 00:00:00",4.97,356025,22468,135292
"2012-01-04 00:00:00",5.23,347333,22173,144635
"2012-01-05 00:00:00",6.4,320522,11411,182828
"2012-01-06 00:00:00",6.67,316519,12483,186085
"2012-01-07 00:00:00",6.7,313586,16853,184855
"2012-01-08 00:00:00",6.97,311048,16653,187927
"2012-01-09 00:00:00",6.5,320722,17671,177091
"2012-01-10 00:00:00",6.45,319761,19926,175904
"2012-01-11 00:00:00",6.78,309412,23731,181399
"2012-01-12 00:00:00",6.67,310028,25794,179245
"2012-01-13 00:00:00",6.6,312094,25146,178320
"2012-01-14 00:00:00",6.59,312478,26227,177578
"2012-01-15 00:00:00",6.91,307400,26567,182563
"2012-01-16 00:00:00",6.85,307415,30001,179765
"2012-01-17 00:00:00",5.8,338717,33536,145662
"2012-01-18 00:00:00",6.03,333735,18027,166891
"2012-01-19 00:00:00",6.12,330649,21592,167038
"2012-01-20 00:00:00",6.42,319627,29332,171092
"2012-01-21 00:00:00",6.32,321013,30086,169364
"2012-01-22 00:00:00",6.28,323993,28524,168468
"2012-01-23 00:00:00",6.3,321418,31734,168670
"2012-01-24 00:00:00",6.31,321067,33073,168243
"2012-01-25 00:00:00",5.91,339314,29412,154366
"2012-01-26 00:00:00",5.61,349665,34293,139631
"2012-01-27 00:00:00",5.28,354218,46586,123214
"2012-01-28 00:00:00",5.51,350191,36842,137561
"2012-01-29 00:00:00",5.52,348951,38270,136938
"2012-01-30 00:00:00",5.49,348599,39748,136687
"2012-01-31 00:00:00",5.54,346978,41734,137072
"2012-02-01 00:00:00",5.84,334450,43676,148265
"2012-02-02 00:00:00",6.01,327304,27535,172237
"2012-02-03 00:00:00",5.93,331687,27215,168834
"2012-02-04 00:00:00",5.92,332513,25419,169972
"2012-02-05 00:00:00",5.67,346051,36110,146100
"2012-02-06 00:00:00",5.59,351640,38083,138796
"2012-02-07 00:00:00",5.62,348469,41663,138735
"2012-02-08 00:00:00",5.57,349765,41391,138463
"2012-02-09 00:00:00",5.71,341121,43767,145678
"2012-02-10 00:00:00",5.9,330543,27895,172458
"2012-02-11 00:00:00",5.77,337436,39951,153598
"2012-02-12 00:00:00",5.64,347268,44654,139375
"2012-02-13 00:00:00",5.46,353910,43000,134759
"2012-02-14 00:00:00",4.83,401130,15226,115774
"2012-02-15 00:00:00",4.54,412160,6410,114321
"2012-02-16 00:00:00",4.16,415290,9926,108491
"2012-02-17 00:00:00",4.5,409341,7633,117237
"2012-02-18 00:00:00",4.31,413696,9566,111595
"2012-02-19 00:00:00",4.35,410123,11522,114306
"2012-02-20 00:00:00",4.38,407034,14959,114837
"2012-02-21 00:00:00",4.31,409715,16142,111431
"2012-02-22 00:00:00",4.4,404426,18579,114823
"2012-02-23 00:00:00",4.81,389980,17569,130832
"2012-02-24 00:00:00",4.97,381329,26078,131368
"2012-02-25 00:00:00",4.86,382118,27746,128598
"2012-02-26 00:00:00",4.93,380681,29787,128703
"2012-02-27 00:00:00",4.94,379978,31972,128031
"2012-02-28 00:00:00",4.87,380175,33827,126341
"2012-02-29 00:00:00",4.85,384732,30690,125633
"2012-03-01 00:00:00",4.93,378164,37305,125752
"2012-03-02 00:00:00",4.73,397473,21685,122024
"2012-03-03 00:00:00",4.64,406050,15225,120426
"2012-03-04 00:00:00",4.78,385152,35199,122575
"2012-03-05 00:00:00",4.94,376468,41306,125932
"2012-03-06 00:00:00",4.99,375409,40725,128326
"2012-03-07 00:00:00",4.95,375777,42504,127360
"2012-03-08 00:00:00",4.88,376294,46453,123848
"2012-03-09 00:00:00",4.89,375819,47672,123446
"2012-03-10 00:00:00",4.83,381952,44323,121290
"2012-03-11 00:00:00",4.9,375343,49876,123050
"2012-03-12 00:00:00",4.91,375014,50665,123141
"2012-03-13 00:00:00",5.14,370418,33438,145880
"2012-03-14 00:00:00",5.35,343955,37362,168909
"2012-03-15 00:00:00",5.36,353689,27024,170588
"2012-03-16 00:00:00",5.35,354091,29061,169028
"2012-03-17 00:00:00",5.31,361428,24893,166980
"2012-03-18 00:00:00",5.28,362205,29171,163373
"2012-03-19 00:00:00",4.9,395477,36432,123233
"2012-03-20 00:00:00",4.75,416974,20046,119260
"2012-03-21 00:00:00",4.81,402519,34257,120566
"2012-03-22 00:00:00",4.74,415203,24131,118782
"2012-03-23 00:00:00",4.7,418443,21951,118336
"2012-03-24 00:00:00",4.67,425386,16142,118230
"2012-03-25 00:00:00",4.49,437937,6732,115371
"2012-03-26 00:00:00",4.63,422666,17741,119933
"2012-03-27 00:00:00",4.67,419725,20725,120366
"2012-03-28 00:00:00",4.78,405996,30966,124645
"2012-03-29 00:00:00",4.79,402594,35317,124178
"2012-03-30 00:00:00",4.8,401634,33175,127880
"2012-03-31 00:00:00",4.89,387555,41133,134711
"2012-04-01 00:00:00",4.83,396931,37784,129141
"2012-04-02 00:00:00",4.92,385992,36047,142310
"2012-04-03 00:00:00",4.9,385418,43095,135885
"2012-04-04 00:00:00",4.93,384251,38787,142240
"2012-04-05 00:00:00",4.9,384763,45000,136141
"2012-04-06 00:00:00",4.93,383459,42473,140015
"2012-04-07 00:00:00",4.82,396065,44529,126063
"2012-04-08 00:00:00",4.71,422132,26796,118614
"2012-04-09 00:00:00",4.81,402918,41212,124021
"2012-04-10 00:00:00",4.83,392799,49103,127580
"2012-04-11 00:00:00",4.89,383574,55589,131152
"2012-04-12 00:00:00",4.89,383254,53640,134188
"2012-04-13 00:00:00",4.84,394358,49786,127529
"2012-04-14 00:00:00",4.97,375592,46839,150374
"2012-04-15 00:00:00",4.92,382181,53189,138515
"2012-04-16 00:00:00",4.95,380765,47640,145938
"2012-04-17 00:00:00",4.97,374751,52771,146980
"2012-04-18 00:00:00",5.07,372418,15354,187279
"2012-04-19 00:00:00",5.15,370912,11329,193007
"2012-04-20 00:00:00",5.29,363632,12113,199850
"2012-04-21 00:00:00",5.3,363131,15121,197826
"2012-04-22 00:00:00",5.21,367884,17346,191604
"2012-04-23 00:00:00",5.09,378871,19258,179419
"2012-04-24 00:00:00",5.08,378692,21637,178012
"2012-04-25 00:00:00",5.11,377178,23516,178501
"2012-04-26 00:00:00",5.08,377385,27185,176331
"2012-04-27 00:00:00",5.08,377032,29299,175052
"2012-04-28 00:00:00",4.98,401799,28552,151815
"2012-04-29 00:00:00",4.95,401921,39867,141117
"2012-04-30 00:00:00",4.94,400982,42953,139737
"2012-05-01 00:00:00",4.96,398874,41457,144086
"2012-05-02 00:00:00",5.07,375174,28727,181464
"2012-05-03 00:00:00",5.1,374177,31846,180993
"2012-05-04 00:00:00",5.11,373663,33930,180216
"2012-05-05 00:00:00",5.08,374388,37165,177400
"2012-05-06 00:00:00",5.06,376000,36479,173857
"2012-05-07 00:00:00",5.04,380467,37752,168419
"2012-05-08 00:00:00",5.03,382394,37638,167681
"2012-05-09 00:00:00",5.05,375605,41311,171356
"2012-05-10 00:00:00",4.97,411396,32605,144756
"2012-05-11 00:00:00",4.9,419915,34615,134660
"2012-05-12 00:00:00",4.96,407820,40580,141462
"2012-05-13 00:00:00",4.96,406471,43262,141338
"2012-05-14 00:00:00",4.97,404934,38890,148191
"2012-05-15 00:00:00",5,396339,40956,155245
"2012-05-16 00:00:00",5.06,374060,34541,183085
"2012-05-17 00:00:00",5.07,373422,36569,182167
"2012-05-18 00:00:00",5.1,371651,35190,185717
"2012-05-19 00:00:00",5.11,371035,36421,184898
"2012-05-20 00:00:00",5.12,370746,27765,194474
"2012-05-21 00:00:00",5.1,371365,40706,181887
"2012-05-22 00:00:00",5.09,372966,41442,180269
"2012-05-23 00:00:00",5.12,370311,27707,196851
"2012-05-24 00:00:00",5.11,370703,35890,188926
"2012-05-25 00:00:00",5.13,370064,29375,196525
"2012-05-26 00:00:00",5.13,369968,30978,195780
"2012-05-27 00:00:00",5.13,369832,32372,194821
"2012-05-28 00:00:00",5.14,369649,27413,200792
"2012-05-29 00:00:00",5.09,381980,40725,175606
"2012-05-30 00:00:00",5.14,369523,29944,199561
"2012-05-31 00:00:00",5.16,369140,24522,207095
"2012-06-01 00:00:00",5.23,367202,7027,226659
"2012-06-02 00:00:00",5.24,365479,11092,224975
"2012-06-03 00:00:00",5.23,367057,12820,222972
"2012-06-04 00:00:00",5.23,366845,15212,219253
"2012-06-05 00:00:00",5.36,358459,10159,233688
"2012-06-06 00:00:00",5.44,346295,18427,238395
"2012-06-07 00:00:00",5.5,344656,13840,243641
"2012-06-08 00:00:00",5.61,332586,14998,254934
"2012-06-09 00:00:00",5.58,333174,20548,249013
"2012-06-10 00:00:00",5.51,350607,16099,236874
"2012-06-11 00:00:00",5.52,343680,24895,235375
"2012-06-12 00:00:00",5.63,332047,12623,260059
"2012-06-13 00:00:00",5.81,328936,10188,268578
"2012-06-14 00:00:00",5.89,326493,10769,270866
"2012-06-15 00:00:00",6.24,317328,9020,282198
"2012-06-16 00:00:00",6.43,313110,10439,286049
"2012-06-17 00:00:00",6.32,318778,14774,277736
"2012-06-18 00:00:00",6.2,326195,16417,270254
"2012-06-19 00:00:00",6.41,313106,18533,281917
"2012-06-20 00:00:00",6.58,310959,8909,294145
"2012-06-21 00:00:00",6.68,309850,13274,292139
"2012-06-22 00:00:00",6.62,310523,16635,289315
"2012-06-23 00:00:00",6.53,315233,18422,282560
"2012-06-24 00:00:00",6.41,322203,22140,272862
"2012-06-25 00:00:00",6.34,325312,24307,268645
"2012-06-26 00:00:00",6.38,323328,26806,270052
"2012-06-27 00:00:00",6.53,313764,22958,282816
"2012-06-28 00:00:00",6.58,310573,22106,287234
"2012-06-29 00:00:00",6.61,310358,25147,285812
"2012-06-30 00:00:00",6.65,310153,27250,285562
"2012-07-01 00:00:00",6.62,310298,30124,283059
"2012-07-02 00:00:00",6.68,309635,28321,286451
"2012-07-03 00:00:00",6.58,310375,35358,279130
"2012-07-04 00:00:00",6.5,319929,34003,270332
"2012-07-05 00:00:00",6.63,310124,36496,277687
"2012-07-06 00:00:00",6.64,309990,35250,280019
"2012-07-07 00:00:00",6.75,308571,22549,295231
"2012-07-08 00:00:00",6.79,307732,16969,302585
"2012-07-09 00:00:00",6.92,303403,15795,307996
"2012-07-10 00:00:00",7.11,300689,13246,314824
"2012-07-11 00:00:00",7.14,300568,15632,313007
"2012-07-12 00:00:00",7.5,292750,14740,322264
"2012-07-13 00:00:00",7.62,285651,24725,319839
"2012-07-14 00:00:00",7.6,285691,28332,317586
"2012-07-15 00:00:00",7.58,291602,24192,316005
"2012-07-16 00:00:00",8.14,276970,9589,345903
"2012-07-17 00:00:00",8.41,274122,13128,346177
"2012-07-18 00:00:00",8.95,255511,18443,359303
"2012-07-19 00:00:00",9.03,255374,16789,358839
"2012-07-20 00:00:00",8.24,282116,16532,333263
"2012-07-21 00:00:00",8.83,255679,30849,347088
"2012-07-22 00:00:00",8.62,267565,28736,339578
"2012-07-23 00:00:00",8.48,275047,29034,332562
"2012-07-24 00:00:00",8.59,266676,32700,336531
"2012-07-25 00:00:00",8.64,266446,34305,335974
"2012-07-26 00:00:00",8.75,257412,38589,341194
"2012-07-27 00:00:00",8.88,255643,38647,344306
"2012-07-28 00:00:00",8.82,255782,47014,340096
"2012-07-29 00:00:00",8.8,256094,47389,338943
"2012-07-30 00:00:00",8.93,255575,37491,348916
"2012-07-31 00:00:00",9.26,253831,17367,371382
"2012-08-01 00:00:00",9.38,253543,18293,371592
"2012-08-02 00:00:00",10.21,230987,28325,384362
"2012-08-03 00:00:00",10.71,207423,36019,401953
"2012-08-04 00:00:00",10.92,206949,36936,401847
"2012-08-05 00:00:00",10.7,207495,44420,394505
"2012-08-06 00:00:00",10.92,206989,45446,396593
"2012-08-07 00:00:00",10.88,207062,49387,394969
"2012-08-08 00:00:00",11,201556,55083,393882
"2012-08-09 00:00:00",11.4,191067,32212,426815
"2012-08-10 00:00:00",11.31,191236,60818,400636
"2012-08-11 00:00:00",11.5,190902,37369,426734
"2012-08-12 00:00:00",11.61,190703,42405,425838
"2012-08-13 00:00:00",11.77,190396,39021,434455
"2012-08-14 00:00:00",12.12,188088,22705,455155
"2012-08-15 00:00:00",12.71,185193,15027,464306
"2012-08-16 00:00:00",13.17,154149,47411,464415
"2012-08-17 00:00:00",13,169682,43794,454344
"2012-08-18 00:00:00",11.96,207026,30093,433549
"2012-08-19 00:00:00",9.6,285922,27701,344874
"2012-08-20 00:00:00",9.15,291747,40263,323746
"2012-08-21 00:00:00",10,261817,42751,352375
"2012-08-22 00:00:00",9.84,264854,44911,347988
"2012-08-23 00:00:00",9.98,259282,53179,349011
"2012-08-24 00:00:00",10.24,255646,55329,353159
"2012-08-25 00:00:00",10.42,245674,60220,360182
"2012-08-26 00:00:00",10.54,226813,68208,371957
"2012-08-27 00:00:00",11.35,202462,59988,406352
"2012-08-28 00:00:00",10.86,211947,72642,386747
"2012-08-29 00:00:00",10.84,211879,76526,385671
"2012-08-30 00:00:00",10.77,221353,80410,374040
"2012-08-31 00:00:00",10.25,265984,63338,347833
"2012-09-01 00:00:00",10.04,270245,65750,345235
"2012-09-02 00:00:00",10.04,269522,67443,345125
"2012-09-03 00:00:00",10.34,254896,77813,349909
"2012-09-04 00:00:00",10.34,254162,74813,349654
"2012-09-05 00:00:00",10.72,225535,80005,375095
"2012-09-06 00:00:00",10.97,209034,78791,393641
"2012-09-07 00:00:00",11.08,202907,78243,397508
"2012-09-08 00:00:00",10.96,208677,82674,388359
"2012-09-09 00:00:00",11.03,203866,84930,392831
"2012-09-10 00:00:00",11.03,203691,86813,391704
"2012-09-11 00:00:00",11.12,202372,88004,393615
"2012-09-12 00:00:00",11.09,202436,92581,391234
"2012-09-13 00:00:00",11.31,200232,88867,398447
"2012-09-14 00:00:00",11.56,196390,69262,423424
"2012-09-15 00:00:00",11.7,196016,46006,448790
"2012-09-16 00:00:00",11.86,193827,46272,452375
"2012-09-17 00:00:00",11.87,193800,47938,451238
"2012-09-18 00:00:00",12.1,193696,23164,479022
"2012-09-19 00:00:00",12.42,191013,23017,486534
"2012-09-20 00:00:00",12.46,191031,26317,488170
"2012-09-21 00:00:00",12.26,193026,34971,478738
"2012-09-22 00:00:00",12.27,192956,37170,477681
"2012-09-23 00:00:00",11.95,220175,23025,466158
"2012-09-24 00:00:00",12.13,206366,34692,469509
"2012-09-25 00:00:00",12.12,205131,42771,468263
"2012-09-26 00:00:00",12.24,193851,47914,475628
"2012-09-27 00:00:00",12.31,193668,50924,474996
"2012-09-28 00:00:00",12.29,193732,54763,472082
"2012-09-29 00:00:00",12.35,192923,47635,479812
"2012-09-30 00:00:00",12.38,192904,49817,478469
"2012-10-01 00:00:00",12.4,192925,52433,478480
"2012-10-02 00:00:00",12.61,190806,20354,513558
"2012-10-03 00:00:00",12.84,187323,17767,518003
"2012-10-04 00:00:00",12.85,187233,25994,510884
"2012-10-05 00:00:00",12.74,190443,34785,502147
"2012-10-06 00:00:00",12.61,204245,30770,495970
"2012-10-07 00:00:00",12.16,242679,35007,456583
"2012-10-08 00:00:00",11.29,286778,33703,418073
"2012-10-09 00:00:00",11.96,247294,37448,455012
"2012-10-10 00:00:00",11.98,242547,46090,454076
"2012-10-11 00:00:00",12.01,237096,55049,453279
"2012-10-12 00:00:00",12.04,230681,67280,452786
"2012-10-13 00:00:00",11.98,238743,61548,451042
"2012-10-14 00:00:00",11.77,260846,54057,441350
"2012-10-15 00:00:00",11.71,273188,43681,439642
"2012-10-16 00:00:00",11.75,259669,57933,439299
"2012-10-17 00:00:00",11.83,246040,71627,445110
"2012-10-18 00:00:00",11.86,243629,74297,444330
"2012-10-19 00:00:00",11.8,245166,76659,440788
"2012-10-20 00:00:00",11.71,266962,59664,434673
"2012-10-21 00:00:00",11.69,266481,61625,434206
"2012-10-22 00:00:00",11.64,266309,68910,428111
"2012-10-23 00:00:00",11.71,264253,65573,432996
"2012-10-24 00:00:00",11.69,263499,69707,432627
"2012-10-25 00:00:00",11.11,330330,56239,378562
"2012-10-26 00:00:00",10.35,384238,27149,352952
"2012-10-27 00:00:00",10.33,379525,31998,352763
"2012-10-28 00:00:00",10.6,369713,28203,367349
"2012-10-29 00:00:00",10.63,358417,28469,372096
"2012-10-30 00:00:00",10.74,338082,46119,376453
"2012-10-31 00:00:00",10.96,319505,58460,384367
"2012-11-01 00:00:00",10.84,319821,66460,376198
"2012-11-02 00:00:00",10.57,367440,35814,361476
"2012-11-03 00:00:00",10.53,365701,41552,361012
"2012-11-04 00:00:00",10.71,340269,59174,369319
"2012-11-05 00:00:00",10.75,331396,66086,372466
"2012-11-06 00:00:00",10.79,323172,74975,371816
"2012-11-07 00:00:00",11.01,313528,60801,395057
"2012-11-08 00:00:00",10.91,314842,74190,381013
"2012-11-09 00:00:00",10.89,317791,74752,378938
"2012-11-10 00:00:00",10.86,320033,72112,376236
"2012-11-11 00:00:00",10.82,327718,69571,374112
"2012-11-12 00:00:00",10.98,311422,76809,384070
"2012-11-13 00:00:00",11.03,309752,77296,386840
"2012-11-14 00:00:00",10.94,310337,87678,377934
"2012-11-15 00:00:00",11.08,304246,78172,395156
"2012-11-16 00:00:00",11.49,269546,46679,460406
"2012-11-17 00:00:00",11.66,252977,58908,474134
"2012-11-18 00:00:00",11.73,247362,68604,472150
"2012-11-19 00:00:00",11.72,247349,72997,469379
"2012-11-20 00:00:00",11.69,252344,73800,465685
"2012-11-21 00:00:00",11.71,251823,76176,462963
"2012-11-22 00:00:00",12.05,219566,52094,522032
"2012-11-23 00:00:00",12.27,205143,53088,535934
"2012-11-24 00:00:00",12.37,204231,43076,548282
"2012-11-25 00:00:00",12.46,200563,35983,559766
"2012-11-26 00:00:00",12.27,214124,49548,535691
"2012-11-27 00:00:00",12.12,234441,53748,512399
"2012-11-28 00:00:00",12.26,213152,59040,528352
"2012-11-29 00:00:00",12.38,204493,57614,538911
"2012-11-30 00:00:00",12.54,199887,36379,566625
"2012-12-01 00:00:00",12.58,198774,29585,573955
"2012-12-02 00:00:00",12.56,199845,32225,570951
"2012-12-03 00:00:00",12.58,198796,33439,571287
"2012-12-04 00:00:00",13.06,177593,23738,599600
"2012-12-05 00:00:00",13.29,171460,29839,600510
"2012-12-06 00:00:00",13.3,171398,38490,594594
"2012-12-07 00:00:00",13.27,171589,43826,589441
"2012-12-08 00:00:00",13.45,155982,45754,605443
"2012-12-09 00:00:00",13.27,178236,45182,583257
"2012-12-10 00:00:00",13.41,161158,52370,592470
"2012-12-11 00:00:00",13.49,137380,59156,610005
"2012-12-12 00:00:00",13.55,132013,68785,605039
"2012-12-13 00:00:00",13.64,127234,65100,613238
"2012-12-14 00:00:00",13.45,160702,56772,589570
"2012-12-15 00:00:00",13.54,132161,82078,594663
"2012-12-16 00:00:00",13.4,167113,61586,580854
"2012-12-17 00:00:00",13.12,215144,35461,561103
"2012-12-18 00:00:00",13.26,194369,54405,565948
"2012-12-19 00:00:00",13.4,165675,67539,582937
"2012-12-20 00:00:00",13.53,137415,82798,597992
"2012-12-21 00:00:00",13.51,137522,87126,594937
"2012-12-22 00:00:00",13.46,159618,76869,590330
"2012-12-23 00:00:00",13.24,214415,49158,563695
"2012-12-24 00:00:00",13.33,189684,71635,567594
"2012-12-25 00:00:00",13.29,205548,59075,566749
"2012-12-26 00:00:00",13.34,187314,70642,567321
"2012-12-27 00:00:00",13.36,182344,70561,572482
"2012-12-28 00:00:00",13.5,141976,85978,599631
"2012-12-29 00:00:00",13.47,157397,78296,590276
"2012-12-30 00:00:00",13.47,158371,81703,589213
"2012-12-31 00:00:00",13.47,158676,85056,588434
"2013-01-01 00:00:00",13.36,180228,84292,570041
"2013-01-02 00:00:00",13.28,211556,64569,561907
"2013-01-03 00:00:00",13.36,186770,82376,574175
"2013-01-04 00:00:00",13.4,179386,83735,583463
"2013-01-05 00:00:00",13.43,166153,90827,595209
"2013-01-06 00:00:00",13.44,164446,93734,595695
"2013-01-07 00:00:00",13.5,158812,81601,613743
"2013-01-08 00:00:00",13.69,128032,48652,679864
"2013-01-09 00:00:00",13.74,123140,51691,683898
"2013-01-10 00:00:00",14.05,93304,30026,734942
"2013-01-11 00:00:00",14.13,88427,37818,735762
"2013-01-12 00:00:00",14.16,85896,40575,736737
"2013-01-13 00:00:00",14.13,90345,43494,730309
"2013-01-14 00:00:00",14.23,83632,37457,741618
"2013-01-15 00:00:00",14.24,83660,40333,743370
"2013-01-16 00:00:00",14.47,74009,20404,776507
"2013-01-17 00:00:00",15.17,58889,19191,791868
"2013-01-18 00:00:00",15.7,50928,18932,801975
"2013-01-19 00:00:00",15.51,53126,25906,795775
"2013-01-20 00:00:00",15.7,51009,33119,793817
"2013-01-21 00:00:00",16.31,38646,16048,821516
"2013-01-22 00:00:00",17.12,33132,16558,824848
"2013-01-23 00:00:00",17.2,33133,21479,819611
"2013-01-24 00:00:00",17.4,22550,27760,817259
"2013-01-25 00:00:00",16.6,54109,22073,793979
"2013-01-26 00:00:00",17.21,24214,39912,806885
"2013-01-27 00:00:00",17.61,19812,29438,826901
"2013-01-28 00:00:00",18.31,17008,12474,846402
"2013-01-29 00:00:00",19.25,13891,12662,847332
"2013-01-30 00:00:00",19.48,13703,17313,844199
"2013-01-31 00:00:00",20.47,12110,10987,854018
"2013-02-01 00:00:00",20.72,11952,18416,849748
"2013-02-02 00:00:00",19.25,25296,22768,835247
"2013-02-03 00:00:00",20.16,17850,16550,851464
"2013-02-04 00:00:00",20.45,12292,25010,850305
"2013-02-05 00:00:00",20.49,12189,29418,848133
"2013-02-06 00:00:00",20.97,11370,29156,853208
"2013-02-07 00:00:00",21.49,11121,21771,864161
"2013-02-08 00:00:00",22.39,10778,14046,873330
"2013-02-09 00:00:00",23.28,10476,12046,877621
"2013-02-10 00:00:00",23.39,10447,18515,872953
"2013-02-11 00:00:00",24.17,9437,11161,880211
"2013-02-12 00:00:00",25.07,9228,11206,880774
"2013-02-13 00:00:00",25.25,9196,15877,874356
"2013-02-14 00:00:00",24.66,9567,24016,865645
"2013-02-15 00:00:00",26.81,8022,11301,880224
"2013-02-16 00:00:00",27.16,7927,16240,876362
"2013-02-17 00:00:00",26.2,14303,15891,872874
"2013-02-18 00:00:00",26.76,8228,26509,871574
"2013-02-19 00:00:00",28.23,7049,11474,889643
"2013-02-20 00:00:00",29.43,6812,11760,890563
"2013-02-21 00:00:00",29.65,6778,18055,886885
"2013-02-22 00:00:00",30.49,6654,17137,889229
"2013-02-23 00:00:00",29.35,12920,21196,880725
"2013-02-24 00:00:00",29.8,6999,29468,879725
"2013-02-25 00:00:00",29.98,6949,32660,877003
"2013-02-26 00:00:00",30.91,6764,20288,890212
"2013-02-27 00:00:00",31.22,6727,20338,891370
"2013-02-28 00:00:00",32.71,6575,12957,900772
"2013-03-01 00:00:00",33.91,6445,13037,901602
"2013-03-02 00:00:00",33.98,6413,17339,897735
"2013-03-03 00:00:00",34.15,6407,21255,894018
"2013-03-04 00:00:00",35.45,6297,10457,905039
"2013-03-05 00:00:00",38.4,6019,13065,905937
"2013-03-06 00:00:00",44.62,5601,15515,906952
"2013-03-07 00:00:00",39.4,14834,19886,894071
"2013-03-08 00:00:00",42.76,6117,20173,906501
"2013-03-09 00:00:00",45.2,5844,19224,910602
"2013-03-10 00:00:00",46.71,5714,25078,908866
"2013-03-11 00:00:00",47.01,5718,26413,909247
"2013-03-12 00:00:00",42.53,24063,25436,892901
"2013-03-13 00:00:00",45.53,6242,33899,905201
"2013-03-14 00:00:00",47.02,6070,38033,902244
"2013-03-15 00:00:00",46.93,6211,44384,899899
"2013-03-16 00:00:00",46.82,6380,49005,899250
"2013-03-17 00:00:00",47.27,6257,49984,902687
"2013-03-18 00:00:00",50,6052,17343,939812
"2013-03-19 00:00:00",56,5675,18129,941850
"2013-03-20 00:00:00",61.85,5415,16580,948758
"2013-03-21 00:00:00",69,5176,16917,948764
"2013-03-22 00:00:00",69.38,5183,29011,939766
"2013-03-23 00:00:00",61.43,25844,24392,923826
"2013-03-24 00:00:00",67.6,5849,35296,938410
"2013-03-25 00:00:00",73.76,5522,25486,953559
"2013-03-26 00:00:00",76.41,5396,27806,955225
"2013-03-27 00:00:00",83.95,5186,18757,970464
"2013-03-28 00:00:00",85.35,5127,30988,952418
"2013-03-29 00:00:00",88.04,5024,40181,948290
"2013-03-30 00:00:00",90.99,4953,40906,953526
"2013-03-31 00:00:00",92.4,4883,40304,959065
"2013-04-01 00:00:00",99.12,4753,20404,981626
"2013-04-02 00:00:00",108.68,4594,23250,983053
"2013-04-03 00:00:00",128.5,4386,26168,988135
"2013-04-04 00:00:00",129.26,4308,42181,976353
"2013-04-05 00:00:00",137.59,4239,52377,974981
"2013-04-06 00:00:00",141.72,4158,36559,995451
"2013-04-07 00:00:00",153.76,3995,20471,1017476
"2013-04-08 00:00:00",178.75,3776,27067,1021344
"2013-04-09 00:00:00",213.31,3605,28343,1028910
"2013-04-10 00:00:00",185.5,21317,50207,998051
"2013-04-11 00:00:00",149.45,56810,58004,961301
"2013-04-12 00:00:00",97.13,125841,49762,905075
"2013-04-13 00:00:00",107.75,111071,56159,920180
"2013-04-14 00:00:00",97.22,117343,73926,901299
"2013-04-15 00:00:00",86.76,157868,57230,888326
"2013-04-16 00:00:00",67.26,201581,48613,859230
"2013-04-17 00:00:00",81.04,150430,71170,891004
"2013-04-18 00:00:00",99.5,98695,91585,925660
"2013-04-19 00:00:00",120.99,66852,70676,983787
"2013-04-20 00:00:00",123.5,64385,80264,980778
"2013-04-21 00:00:00",120.25,71090,85438,973388
"2013-04-22 00:00:00",122.95,63742,104702,971635
"2013-04-23 00:00:00",134.5,44674,113487,987391
"2013-04-24 00:00:00",153.7,34717,71806,1043384
"2013-04-25 00:00:00",141.05,37547,120551,997616
"2013-04-26 00:00:00",133.22,55804,132141,974595
"2013-04-27 00:00:00",131.29,63591,131561,970691
"2013-04-28 00:00:00",132.09,54519,143853,969302
"2013-04-29 00:00:00",141.04,37056,149443,986565
"2013-04-30 00:00:00",140.47,37095,156199,981181
"2013-05-01 00:00:00",122.03,98463,136869,945461
"2013-05-02 00:00:00",109.01,157966,108868,917204
"2013-05-03 00:00:00",94,222724,83427,880506
"2013-05-04 00:00:00",104.15,184428,100983,906089
"2013-05-05 00:00:00",112.93,131898,136070,927716
"2013-05-06 00:00:00",115.46,115270,146238,936764
"2013-05-07 00:00:00",105.76,167270,134064,906402
"2013-05-08 00:00:00",113.14,122461,160858,931631
"2013-05-09 00:00:00",111.26,130320,168498,921073
"2013-05-10 00:00:00",117.02,102545,181131,941412
"2013-05-11 00:00:00",115.87,111333,175646,939374
"2013-05-12 00:00:00",114.94,124392,166662,940627
"2013-05-13 00:00:00",116.69,111789,182154,942851
"2013-05-14 00:00:00",114.61,123634,178110,939692
"2013-05-15 00:00:00",109.73,147509,169775,927171
"2013-05-16 00:00:00",115.54,122656,183276,945443
"2013-05-17 00:00:00",121.07,101714,168191,983246
"2013-05-18 00:00:00",123.78,91941,155261,1009574
"2013-05-19 00:00:00",122,105732,147954,1005658
"2013-05-20 00:00:00",121.9,105346,153360,1003328
"2013-05-21 00:00:00",122.09,104267,158640,1002299
"2013-05-22 00:00:00",123.25,99328,159172,1010833
"2013-05-23 00:00:00",124.97,93672,137664,1041279
"2013-05-24 00:00:00",129.67,80450,120510,1072479
"2013-05-25 00:00:00",130.85,74999,98668,1098738
"2013-05-26 00:00:00",133.31,69026,82368,1119742
"2013-05-27 00:00:00",129.74,79778,116307,1077911
"2013-05-28 00:00:00",128.01,82129,150819,1044196
"2013-05-29 00:00:00",130.16,79095,125656,1074985
"2013-05-30 00:00:00",129.45,79922,132576,1069229
"2013-05-31 00:00:00",128.17,82678,150825,1050733
"2013-06-01 00:00:00",128.45,86436,133010,1066562
"2013-06-02 00:00:00",122.55,170667,90486,1024685
"2013-06-03 00:00:00",118.95,192339,101782,990667
"2013-06-04 00:00:00",121.39,165871,99174,1020431
"2013-06-05 00:00:00",121.5,162207,104792,1019886
"2013-06-06 00:00:00",120.15,176830,99016,1013153
"2013-06-07 00:00:00",112.64,274403,59211,955649
"2013-06-08 00:00:00",110.1,293688,55310,941013
"2013-06-09 00:00:00",98.5,356395,30582,903528
"2013-06-10 00:00:00",102.82,335982,33346,923430
"2013-06-11 00:00:00",106.42,312675,54285,930767
"2013-06-12 00:00:00",109.13,291951,65710,942569
"2013-06-13 00:00:00",105.3,322793,52636,927990
"2013-06-14 00:00:00",100.9,353894,38225,912943
"2013-06-15 00:00:00",100.6,353975,39210,912373
"2013-06-16 00:00:00",100.33,352299,45351,908988
"2013-06-17 00:00:00",100.65,349423,48284,912610
"2013-06-18 00:00:00",107.17,293786,66081,953369
"2013-06-19 00:00:00",107.82,286927,74055,954937
"2013-06-20 00:00:00",110.8,262518,80495,973379
"2013-06-21 00:00:00",111.29,253339,86920,976837
"2013-06-22 00:00:00",108.74,279911,86876,951330
"2013-06-23 00:00:00",107.6,291351,82334,944381
"2013-06-24 00:00:00",104.55,321591,62626,935354
"2013-06-25 00:00:00",104.99,317527,69433,935559
"2013-06-26 00:00:00",103.66,334157,69462,922065
"2013-06-27 00:00:00",102.03,346520,68095,914352
"2013-06-28 00:00:00",97.02,396287,37600,896007
"2013-06-29 00:00:00",96.72,393188,43475,895257
"2013-06-30 00:00:00",95.99,394743,45077,894253
"2013-07-01 00:00:00",92.1,423830,26524,886111
"2013-07-02 00:00:00",90.04,424377,31332,881748
"2013-07-03 00:00:00",83.6,452185,25319,863378
"2013-07-04 00:00:00",78.13,468053,18934,856743
"2013-07-05 00:00:00",73.01,478057,17337,851050
"2013-07-06 00:00:00",70.91,475585,24036,844365
"2013-07-07 00:00:00",71.8,469154,28775,846769
"2013-07-08 00:00:00",76.23,454637,26626,866583
"2013-07-09 00:00:00",75.41,457766,31919,859565
"2013-07-10 00:00:00",82.69,431272,31839,890155
"2013-07-11 00:00:00",87.85,409916,37113,909130
"2013-07-12 00:00:00",96.09,364063,56161,938245
"2013-07-13 00:00:00",93.04,382482,50458,925111
"2013-07-14 00:00:00",95.93,362373,64128,932602
"2013-07-15 00:00:00",97.53,349715,68968,940923
"2013-07-16 00:00:00",98.37,344214,75406,943123
"2013-07-17 00:00:00",98.09,344390,82932,938834
"2013-07-18 00:00:00",92.5,401897,49748,916056
"2013-07-19 00:00:00",91.4,410853,52456,908198
"2013-07-20 00:00:00",91.19,408443,55800,907484
"2013-07-21 00:00:00",90,412325,60140,900542
"2013-07-22 00:00:00",90.9,405873,64471,906033
"2013-07-23 00:00:00",94.37,365926,90215,923335
"2013-07-24 00:00:00",94.15,369166,89870,921896
"2013-07-25 00:00:00",95.53,354494,90048,936293
"2013-07-26 00:00:00",96.74,345284,91965,945050
"2013-07-27 00:00:00",95,358630,97413,924841
"2013-07-28 00:00:00",97.29,340458,95901,946557
"2013-07-29 00:00:00",100.65,319300,85991,979401
"2013-07-30 00:00:00",104.23,284467,82620,1018979
"2013-07-31 00:00:00",107.6,255649,91830,1037695
"2013-08-01 00:00:00",105.5,270430,93141,1025276
"2013-08-02 00:00:00",104.6,280856,98882,1012239
"2013-08-03 00:00:00",103.95,287785,97938,1007861
"2013-08-04 00:00:00",104.75,285624,86338,1019630
"2013-08-05 00:00:00",106.39,269355,99459,1025009
"2013-08-06 00:00:00",106.31,269266,104986,1023203
"2013-08-07 00:00:00",106.09,272762,108183,1021756
"2013-08-08 00:00:00",103.81,298684,103103,1003331
"2013-08-09 00:00:00",103.87,301486,95682,1010000
"2013-08-10 00:00:00",103.14,322363,85961,1001564
"2013-08-11 00:00:00",103.95,313670,83484,1012656
"2013-08-12 00:00:00",105.81,284374,99961,1025146
"2013-08-13 00:00:00",107.07,270303,86934,1056034
"2013-08-14 00:00:00",111.5,234127,51150,1131108
"2013-08-15 00:00:00",111.05,235598,65947,1119607
"2013-08-16 00:00:00",110.26,248166,63955,1109925
"2013-08-17 00:00:00",111.12,241849,60572,1121001
"2013-08-18 00:00:00",113.35,222319,46004,1155810
"2013-08-19 00:00:00",117.76,191443,38102,1200390
"2013-08-20 00:00:00",119.92,164058,56623,1211066
"2013-08-21 00:00:00",122.34,140455,64717,1228911
"2013-08-22 00:00:00",122.52,140117,67653,1229172
"2013-08-23 00:00:00",120.22,167780,65269,1201566
"2013-08-24 00:00:00",119.71,183419,59599,1192836
"2013-08-25 00:00:00",121.07,147821,88420,1193422
"2013-08-26 00:00:00",121.45,144394,91458,1193868
"2013-08-27 00:00:00",126.5,117560,35422,1269803
"2013-08-28 00:00:00",129.87,93629,49284,1284070
"2013-08-29 00:00:00",129.69,96073,55451,1280167
"2013-08-30 00:00:00",135.66,75647,29207,1326489
"2013-08-31 00:00:00",142.29,59811,42564,1348625
"2013-09-01 00:00:00",144.14,58700,40487,1353471
"2013-09-02 00:00:00",145.31,58206,20682,1376167
"2013-09-03 00:00:00",145.56,58150,27751,1369322
"2013-09-04 00:00:00",137.95,109110,31133,1315443
"2013-09-05 00:00:00",132.6,127817,55301,1275796
"2013-09-06 00:00:00",127.95,152720,65393,1239941
"2013-09-07 00:00:00",126.14,173676,57674,1226948
"2013-09-08 00:00:00",126.97,152588,70518,1234520
"2013-09-09 00:00:00",130.74,121225,75876,1258880
"2013-09-10 00:00:00",133.7,106088,52537,1295762
"2013-09-11 00:00:00",136.7,93752,43865,1318672
"2013-09-12 00:00:00",141.51,68101,41746,1346970
"2013-09-13 00:00:00",141.71,67870,48923,1344557
"2013-09-14 00:00:00",139.25,73085,64894,1326374
"2013-09-15 00:00:00",138.02,96576,50180,1318717
"2013-09-16 00:00:00",140.07,72094,71628,1324380
"2013-09-17 00:00:00",139.69,72569,76750,1321769
"2013-09-18 00:00:00",140.51,71474,74105,1325568
"2013-09-19 00:00:00",136.17,117471,56957,1299373
"2013-09-20 00:00:00",134.14,132906,59830,1285331
"2013-09-21 00:00:00",134,131571,68536,1282094
"2013-09-22 00:00:00",133,135689,76355,1271474
"2013-09-23 00:00:00",133.5,129583,77636,1279181
"2013-09-24 00:00:00",134.55,121953,83273,1285298
"2013-09-25 00:00:00",136.35,106317,91236,1296517
"2013-09-26 00:00:00",136.86,101924,86145,1310205
"2013-09-27 00:00:00",138.75,81380,83800,1333656
"2013-09-28 00:00:00",140.51,71996,70929,1357547
"2013-09-29 00:00:00",143.59,62399,50011,1386210
"2013-09-30 00:00:00",141.97,68704,62598,1371282
"2013-10-01 00:00:00",141.93,68917,68343,1366809
"2013-10-02 00:00:00",125.82,222661,81686,1191443
"2013-10-03 00:00:00",126.05,213057,89908,1186700
"2013-10-04 00:00:00",134.15,124020,97568,1271114
"2013-10-05 00:00:00",136.65,99924,106183,1288067
"2013-10-06 00:00:00",136.05,109359,103876,1282975
"2013-10-07 00:00:00",137.06,98126,112905,1287608
"2013-10-08 00:00:00",136.72,98584,121642,1282995
"2013-10-09 00:00:00",138.95,74569,117634,1316436
"2013-10-10 00:00:00",140.1,70788,114778,1328062
"2013-10-11 00:00:00",140.36,68711,117976,1330260
"2013-10-12 00:00:00",141.22,67902,102302,1351055
"2013-10-13 00:00:00",144.57,60654,60067,1395991
"2013-10-14 00:00:00",149.86,47074,31283,1443164
"2013-10-15 00:00:00",154.36,45380,26155,1456871
"2013-10-16 00:00:00",153.6,45785,51011,1437642
"2013-10-17 00:00:00",155.35,44971,47432,1445784
"2013-10-18 00:00:00",162.39,42740,21199,1478103
"2013-10-19 00:00:00",181.44,28543,30202,1484922
"2013-10-20 00:00:00",181.67,28555,40072,1480471
"2013-10-21 00:00:00",190.28,27348,25219,1499177
"2013-10-22 00:00:00",199.15,26499,21056,1509450
"2013-10-23 00:00:00",214.34,21414,24793,1511641
"2013-10-24 00:00:00",204.34,36475,31404,1490098
"2013-10-25 00:00:00",192.79,48076,42436,1467866
"2013-10-26 00:00:00",192.7,46592,49986,1465174
"2013-10-27 00:00:00",198.38,36028,58457,1470900
"2013-10-28 00:00:00",205.11,29696,46990,1490167
"2013-10-29 00:00:00",210.35,22659,48282,1501027
"2013-10-30 00:00:00",210.24,22676,58351,1494991
"2013-10-31 00:00:00",210.21,22616,66109,1490188
"2013-11-01 00:00:00",212.33,22530,59449,1500839
"2013-11-02 00:00:00",212.93,22497,66597,1498514
"2013-11-03 00:00:00",219.52,21930,37044,1528569
"2013-11-04 00:00:00",230.46,21217,20941,1548892
"2013-11-05 00:00:00",243.94,20683,21479,1551226
"2013-11-06 00:00:00",261.96,19034,21413,1542852
"2013-11-07 00:00:00",293.9,18133,26470,1546037
"2013-11-08 00:00:00",333.01,17175,26365,1550755
"2013-11-09 00:00:00",367.49,16559,26357,1556199
"2013-11-10 00:00:00",331.24,33288,37452,1530595
"2013-11-11 00:00:00",348.7,29773,48648,1518389
"2013-11-12 00:00:00",375.38,16887,37023,1549857
"2013-11-13 00:00:00",408.57,16259,25089,1566799
"2013-11-14 00:00:00",425.02,16333,39046,1559891
"2013-11-15 00:00:00",435.45,16515,39797,1566804
"2013-11-16 00:00:00",452.46,16317,37928,1576875
"2013-11-17 00:00:00",496.87,15649,23515,1597181
"2013-11-18 00:00:00",654.95,14114,34339,1600057
"2013-11-19 00:00:00",701.77,13760,58903,1582352
"2013-11-20 00:00:00",551.64,60907,38888,1564075
"2013-11-21 00:00:00",689.76,14910,67145,1554450
"2013-11-22 00:00:00",752.14,14520,68594,1559929
"2013-11-23 00:00:00",844.79,13943,30929,1608536
"2013-11-24 00:00:00",800.1,14911,64329,1577635
"2013-11-25 00:00:00",804.47,14994,79528,1572394
"2013-11-26 00:00:00",900.02,14073,53901,1612358
"2013-11-27 00:00:00",1004.53,13417,41999,1637404
"2013-11-28 00:00:00",1128.27,12912,45403,1652012
"2013-11-29 00:00:00",1145.94,12891,74292,1639860
"2013-11-30 00:00:00",1191.55,12780,97710,1635505
"2013-12-01 00:00:00",1028.55,66593,89580,1592463
"2013-12-02 00:00:00",1046.35,40314,132821,1589119
"2013-12-03 00:00:00",1125.27,16786,151998,1607537
"2013-12-04 00:00:00",1185.53,15854,127381,1641843
"2013-12-05 00:00:00",1054.93,59196,163474,1574231
"2013-12-06 00:00:00",959.5,120853,134841,1551369
"2013-12-07 00:00:00",736,249346,93457,1474521
"2013-12-08 00:00:00",741,242143,107831,1473878
"2013-12-09 00:00:00",883.88,177581,113078,1549155
"2013-12-10 00:00:00",989.83,103156,165885,1578428
"2013-12-11 00:00:00",956.41,106427,188039,1560704
"2013-12-12 00:00:00",890.25,167025,158659,1536433
"2013-12-13 00:00:00",936,120544,197792,1551475
"2013-12-14 00:00:00",911.52,140457,189880,1534338
"2013-12-15 00:00:00",882.94,147818,187179,1520171
"2013-12-16 00:00:00",819.49,204800,173692,1482417
"2013-12-17 00:00:00",729.42,283933,128384,1452688
"2013-12-18 00:00:00",585.92,379952,57022,1432753
"2013-12-19 00:00:00",634.2,349825,83430,1442884
"2013-12-20 00:00:00",697.82,293157,119547,1463084
"2013-12-21 00:00:00",650,332460,103690,1441764
"2013-12-22 00:00:00",657.43,320685,99844,1454731
"2013-12-23 00:00:00",677.96,284661,152003,1456298
"2013-12-24 00:00:00",697.96,269933,173410,1458177
"2013-12-25 00:00:00",691.94,269417,180961,1456263
"2013-12-26 00:00:00",768.42,226647,141821,1544282
"2013-12-27 00:00:00",802.35,212293,131768,1577317
"2013-12-28 00:00:00",760.79,225951,175820,1517353
"2013-12-29 00:00:00",769.47,217410,165980,1527837
"2013-12-30 00:00:00",799.9,203430,166843,1552931
"2013-12-31 00:00:00",795.45,203873,171803,1550681
"2014-01-01 00:00:00",800.45,202053,178907,1550697
"2014-01-02 00:00:00",848.34,159284,162585,1614144
"2014-01-03 00:00:00",863.84,148648,176329,1615828
"2014-01-04 00:00:00",890.24,130066,148334,1668246
"2014-01-05 00:00:00",970.61,84253,134632,1731909