"DateTime","Bulls","Bears","Difference"
"2013-12-11 00:00:00",47822.92,-16999,30823.92
"2013-12-13 00:00:00",0,-25523.56,-25523.56
"2013-12-14 00:00:00",64700,-69500,-4800
"2013-12-15 00:00:00",11215.31,-15873.61,-4658.300000000001
"2013-12-18 00:00:00",21071.49,-21071.5,-0.00999999999839929
"2013-12-19 00:00:00",37815.49,-37142.98,672.5099999999948
"2013-12-20 00:00:00",18000.01,-20000.01,-2000
"2013-12-21 00:00:00",98281.69,-96700.01,1581.6800000000076
"2013-12-22 00:00:00",183572.01,-191693.01,-8121
"2013-12-23 00:00:00",12000.01,-14000.01,-2000
"2013-12-24 00:00:00",145501.79,-137225.1,8276.690000000002
"2013-12-25 00:00:00",12000,-124181.77,-112181.77
"2013-12-26 00:00:00",7000,-7749.08,-749.0799999999999
"2013-12-27 00:00:00",6510,-13197,-6687
"2013-12-30 00:00:00",31341.8,-34323.92,-2982.119999999999
"2013-12-31 00:00:00",48152.99,-53707.43,-5554.440000000002
"2014-01-01 00:00:00",7567.24,-47408.89,-39841.65
"2014-01-02 00:00:00",31609.3,-29664.84,1944.4599999999991
"2014-01-03 00:00:00",32549.67,0,32549.67
"2014-01-04 00:00:00",24500,-17000,7500
"2014-01-05 00:00:00",20003.07,-35300.87,-15297.800000000003
"2014-01-07 00:00:00",0,-10000,-10000
"2014-01-08 00:00:00",122635.97,-110370.55,12265.419999999998
"2014-01-09 00:00:00",56956.8,-58612.88,-1656.0799999999945
"2014-01-10 00:00:00",31947.43,-31214.96,732.4700000000012
"2014-01-11 00:00:00",38153.16,-51614.16,-13461
"2014-01-12 00:00:00",71233.91,-71806.07,-572.1600000000035
"2014-01-13 00:00:00",50110.24,-61286.4,-11176.160000000003
"2014-01-14 00:00:00",131130.57,-144741.64,-13611.070000000007
"2014-01-15 00:00:00",96439.03,-75248.15,21190.880000000005
"2014-01-16 00:00:00",59177.27,-39287.14,19890.129999999997
"2014-01-17 00:00:00",64187.76,-63561.46,626.3000000000029
"2014-01-18 00:00:00",20966.23,-22563.29,-1597.0600000000013
"2014-01-19 00:00:00",28061.3,-28082.67,-21.36999999999898
"2014-01-20 00:00:00",59049.99,-58167.26,882.7299999999959
"2014-01-21 00:00:00",51841.79,-52539.83,-698.0400000000009
"2014-01-22 00:00:00",57583.54,-58531.66,-948.1200000000026
"2014-01-23 00:00:00",39993.18,-40528.02,-534.8399999999965
"2014-01-24 00:00:00",58505.78,-23004.78,35501
"2014-01-25 00:00:00",21116.2,-25244.87,-4128.669999999998
"2014-01-26 00:00:00",15979.11,-17902.51,-1923.3999999999978
"2014-01-27 00:00:00",50001.78,-36417.98,13583.799999999996
"2014-01-28 00:00:00",95807.02,-96510.23,-703.2099999999919
"2014-01-29 00:00:00",51683.49,-66676.36,-14992.870000000003
"2014-01-30 00:00:00",73353.35,-74409.52,-1056.1699999999983
"2014-01-31 00:00:00",29155.92,-29831.72,-675.8000000000029
"2014-02-01 00:00:00",17016.96,-26793.75,-9776.79
"2014-02-03 00:00:00",25482.08,-24148.55,1333.5300000000025
"2014-02-04 00:00:00",121936.14,-100123.69,21812.449999999997
"2014-02-05 00:00:00",102740,-202616,-99876
"2014-02-06 00:00:00",42518.16,-45456.27,-2938.1099999999933
"2014-02-07 00:00:00",60191.5,-62691.7,-2500.199999999997
"2014-02-08 00:00:00",16000,-30582.32,-14582.32
"2014-02-09 00:00:00",17186.33,-17298.82,-112.48999999999796
"2014-02-10 00:00:00",54230.6,-67295.7,-13065.099999999999
"2014-02-11 00:00:00",34953.41,-16860.74,18092.670000000002
"2014-02-12 00:00:00",91792.66,-92144.21,-351.5500000000029
"2014-02-13 00:00:00",19260.36,-19599.59,-339.22999999999956
"2014-02-14 00:00:00",7708.01,-8708.01,-1000
"2014-02-15 00:00:00",25846.73,-26363.73,-517
"2014-02-16 00:00:00",43486.76,-47688.76,-4202
"2014-02-17 00:00:00",21208.34,-25880.18,-4671.84
"2014-02-18 00:00:00",60939.61,-55908.76,5030.8499999999985
"2014-02-19 00:00:00",54789.79,-52739.61,2050.1800000000003
"2014-02-20 00:00:00",20915.76,-14706.51,6209.249999999998
"2014-02-21 00:00:00",13999.82,-8098.23,5901.59
"2014-02-22 00:00:00",56661.84,-64423.41,-7761.570000000007
"2014-02-23 00:00:00",36835.36,-37529.31,-693.9499999999971
"2014-02-24 00:00:00",80430.77,-95205.28,-14774.509999999995
"2014-02-25 00:00:00",62602.13,-124797.6,-62195.47000000001
"2014-02-26 00:00:00",42496.43,-25350.15,17146.28
"2014-02-27 00:00:00",34974.43,-52384.63,-17410.199999999997
"2014-02-28 00:00:00",46432.62,-40580.92,5851.700000000004
"2014-03-01 00:00:00",78973.9,-79517.64,-543.7400000000052
"2014-03-02 00:00:00",55240.89,-54217.36,1023.5299999999988
"2014-03-03 00:00:00",33295.67,-31193.12,2102.5499999999993
"2014-03-04 00:00:00",54265.84,-53414.12,851.7199999999939
"2014-03-05 00:00:00",43702.1,-52458.88,-8756.779999999999
"2014-03-06 00:00:00",71477.49,-76272.83,-4795.3399999999965
"2014-03-07 00:00:00",619938.11,-829938.32,-210000.20999999996
"2014-03-09 00:00:00",300299.59,-300253.45,46.14000000001397
"2014-03-10 00:00:00",139835.73,-251291.65,-111455.91999999998
"2014-03-11 00:00:00",11933.07,-12086.19,-153.1200000000008
"2014-03-12 00:00:00",0,-12774.39,-12774.39
"2014-03-13 00:00:00",8125,0,8125
"2014-03-15 00:00:00",9056.87,-9066.88,-10.0099999999984
"2014-03-16 00:00:00",5337.91,-5522.79,-184.8800000000001
"2014-03-17 00:00:00",7981.63,-8006.97,-25.340000000000146
"2014-03-18 00:00:00",63619.23,-63619.23,0
"2014-03-19 00:00:00",24128,0,24128
"2014-03-20 00:00:00",31030.42,-31936.69,-906.2700000000004
"2014-03-21 00:00:00",22779.92,-53519.54,-30739.620000000003
"2014-03-22 00:00:00",37642.96,-33879,3763.959999999999
"2014-03-23 00:00:00",8017.52,-8742.87,-725.3500000000004
"2014-03-24 00:00:00",24484.03,-24402.18,81.84999999999854
"2014-03-25 00:00:00",42644.41,-52536.26,-9891.849999999999
"2014-03-26 00:00:00",11809.6,-5891.58,5918.02
"2014-03-27 00:00:00",24709.52,-39243.43,-14533.91
"2014-03-28 00:00:00",27210.69,-15659.1,11551.589999999998
"2014-03-29 00:00:00",29542.02,-37002.53,-7460.509999999998
"2014-03-30 00:00:00",0,-6000,-6000
"2014-03-31 00:00:00",31914.52,-28448.24,3466.279999999999
"2014-04-01 00:00:00",28674.04,-34719.92,-6045.879999999997
"2014-04-02 00:00:00",11728.23,-12227.92,-499.6900000000005
"2014-04-03 00:00:00",145308.12,-151481.24,-6173.119999999995
"2014-04-04 00:00:00",125598.16,-114319.82,11278.339999999997
"2014-04-05 00:00:00",273669.47,-290252.38,-16582.910000000033
"2014-04-06 00:00:00",65761.04,-66308.62,-547.5800000000017
"2014-04-07 00:00:00",18968.67,-12612.65,6356.019999999999
"2014-04-08 00:00:00",68855.07,-62781.9,6073.1700000000055
"2014-04-09 00:00:00",29006.22,-47165.91,-18159.690000000002
"2014-04-10 00:00:00",56387.82,-70803.15,-14415.329999999994
"2014-04-11 00:00:00",62962.96,-51599.28,11363.68
"2014-04-12 00:00:00",15011.95,-15968.4,-956.4499999999989
"2014-04-13 00:00:00",22629.72,-22443.08,186.63999999999942
"2014-04-14 00:00:00",8758.05,-10157.86,-1399.8100000000013
"2014-04-15 00:00:00",19960.23,-19976,-15.770000000000437
"2014-04-16 00:00:00",92668.88,-99795.89,-7127.009999999995
"2014-04-17 00:00:00",112566.43,-110390.24,2176.189999999988
"2014-04-19 00:00:00",13072.15,-17291.3,-4219.15
"2014-04-20 00:00:00",14000,-19483,-5483
"2014-04-21 00:00:00",8535.95,-7281.19,1254.7600000000011
"2014-04-22 00:00:00",133386,-139386,-6000
"2014-04-23 00:00:00",50293.95,-66779.35,-16485.40000000001
"2014-04-24 00:00:00",15410.92,-29222.45,-13811.53
"2014-04-25 00:00:00",27999.92,-22134.22,5865.699999999997
"2014-04-26 00:00:00",14639.01,-14219.82,419.1900000000005
"2014-04-27 00:00:00",25942.63,-29501.86,-3559.2299999999996
"2014-04-28 00:00:00",93833.37,-95455.19,-1621.820000000007
"2014-04-29 00:00:00",45205.22,-67636.15,-22430.929999999993
"2014-04-30 00:00:00",27347.86,-28154.34,-806.4799999999996
"2014-05-01 00:00:00",21810.61,-21906.94,-96.32999999999811
"2014-05-02 00:00:00",72111,-79111,-7000
"2014-05-03 00:00:00",0,-6000.02,-6000.02
"2014-05-04 00:00:00",14464.96,-16169.83,-1704.8700000000008
"2014-05-06 00:00:00",8290,-8293,-3
"2014-05-07 00:00:00",35859.84,-26081.08,9778.759999999995
"2014-05-08 00:00:00",29898.97,-16067.23,13831.740000000002
"2014-05-10 00:00:00",8901.37,-8907.3,-5.929999999998472
"2014-05-11 00:00:00",16438.88,-10855.55,5583.330000000002
"2014-05-12 00:00:00",21096.31,-22739.29,-1642.9799999999996
"2014-05-13 00:00:00",8074.7,-9074.7,-1000.0000000000009
"2014-05-14 00:00:00",89256.16,-90029.62,-773.4599999999919
"2014-05-15 00:00:00",38000,-38000,0
"2014-05-18 00:00:00",12467.01,-6144.69,6322.320000000001
"2014-05-19 00:00:00",0,-5290.57,-5290.57
"2014-05-21 00:00:00",11317.34,-11383.43,-66.09000000000015
"2014-05-22 00:00:00",32155.78,-29078.49,3077.2899999999972
"2014-05-23 00:00:00",54653.03,-57191.38,-2538.3499999999985
"2014-05-24 00:00:00",272509.03,-215766.6,56742.43000000002
"2014-05-25 00:00:00",26129.84,-27538.35,-1408.5099999999984
"2014-05-27 00:00:00",53880.05,-53880.05,0
"2014-05-28 00:00:00",21052.34,-21096.22,-43.88000000000102
"2014-05-30 00:00:00",180497.4,-183497.4,-3000
"2014-05-31 00:00:00",6103.56,-6103.56,0
"2014-06-01 00:00:00",22913.02,-30586.76,-7673.739999999998
"2014-06-02 00:00:00",177497.4,-180497.4,-3000
"2014-06-03 00:00:00",43777.1,-48464.23,-4687.130000000005
"2014-06-04 00:00:00",13075.08,-13108.07,-32.98999999999978
"2014-06-06 00:00:00",340994.8,-352994.8,-12000
"2014-06-07 00:00:00",15887.9,-15769.99,117.90999999999985
"2014-06-08 00:00:00",0,-8255.76,-8255.76
"2014-06-09 00:00:00",30324.3,-34650.36,-4326.060000000001
"2014-06-10 00:00:00",25634.67,-18526.46,7108.209999999999
"2014-06-11 00:00:00",16585.21,-22537.35,-5952.139999999999
"2014-06-12 00:00:00",491995.13,-499995.14,-8000.010000000009
"2014-06-13 00:00:00",186941.33,-189553.85,-2612.5200000000186
"2014-06-14 00:00:00",11043.58,-5592.93,5450.65
"2014-06-15 00:00:00",15501.09,-16119.45,-618.3600000000006
"2014-06-16 00:00:00",27586.87,-19036.72,8550.149999999998
"2014-06-17 00:00:00",18694.99,-18539.85,155.14000000000306
"2014-06-18 00:00:00",17234.34,-17740.48,-506.1399999999994
"2014-06-19 00:00:00",8411.18,-8033.28,377.90000000000055
"2014-06-20 00:00:00",27522.92,-28405.52,-882.6000000000022
"2014-06-21 00:00:00",13828.67,-20003.7,-6175.030000000001
"2014-06-22 00:00:00",5700.19,-5370.34,329.84999999999945
"2014-06-23 00:00:00",95230.04,-113471.87,-18241.83
"2014-06-24 00:00:00",290336.6,-349990.33,-59653.73000000004
"2014-06-25 00:00:00",41099.96,-61231.08,-20131.120000000003
"2014-06-26 00:00:00",41454.25,-52466.65,-11012.400000000001
"2014-06-27 00:00:00",24390.49,-22464.25,1926.2400000000016
"2014-06-28 00:00:00",25545.6,-25339.59,206.0099999999984
"2014-06-29 00:00:00",65628.58,-65057.87,570.7099999999991
"2014-06-30 00:00:00",20905.95,-20922.71,-16.7599999999984
"2014-07-01 00:00:00",99264.57,-90565.76,8698.810000000012
"2014-07-02 00:00:00",188368.54,-191531.07,-3162.529999999999
"2014-07-03 00:00:00",50554.6,-46483.12,4071.479999999996
"2014-07-04 00:00:00",49351.82,-54001.02,-4649.199999999997
"2014-07-05 00:00:00",28262.99,-28303.96,-40.969999999997526
"2014-07-06 00:00:00",40539.95,-43955.23,-3415.280000000006
"2014-07-07 00:00:00",37057.47,-38135.11,-1077.6399999999994
"2014-07-08 00:00:00",27664.06,-27127.06,537
"2014-07-09 00:00:00",48939.8,-47284.71,1655.0900000000038
"2014-07-10 00:00:00",34600.16,-27531.92,7068.240000000005
"2014-07-11 00:00:00",29691.62,-36248.94,-6557.320000000003
"2014-07-12 00:00:00",51300.98,-57574.11,-6273.129999999997
"2014-07-13 00:00:00",53198.17,-52695.11,503.0599999999977
"2014-07-14 00:00:00",36006.65,-36015.08,-8.430000000000291
"2014-07-15 00:00:00",9079.73,-8974.78,104.94999999999891
"2014-07-16 00:00:00",102176.83,-106720.32,-4543.490000000005
"2014-07-17 00:00:00",43902.25,-44173.53,-271.27999999999884
"2014-07-18 00:00:00",54340.51,-47852.4,6488.110000000001
"2014-07-19 00:00:00",63404.85,-68497.04,-5092.189999999995
"2014-07-20 00:00:00",23222.57,-23551.67,-329.09999999999854
"2014-07-21 00:00:00",98311.61,-97907.12,404.49000000000524
"2014-07-22 00:00:00",67895.72,-62068.26,5827.459999999999
"2014-07-23 00:00:00",55295.96,-59898.92,-4602.959999999999
"2014-07-24 00:00:00",34539.73,-27979.1,6560.630000000005
"2014-07-25 00:00:00",37251.81,-45793.69,-8541.880000000005
"2014-07-26 00:00:00",28813.42,-28540.46,272.9599999999991
"2014-07-27 00:00:00",63362.82,-63514.45,-151.62999999999738
"2014-07-28 00:00:00",24818.43,-38684.29,-13865.86
"2014-07-29 00:00:00",35866.97,-43133.42,-7266.449999999997
"2014-07-30 00:00:00",52126.68,-47367.89,4758.790000000001
"2014-07-31 00:00:00",67658.08,-74618.04,-6959.959999999992
"2014-08-01 00:00:00",107869.61,-113087.67,-5218.059999999998
"2014-08-02 00:00:00",59532.74,-59604.88,-72.13999999999942
"2014-08-03 00:00:00",34655.72,-34720.52,-64.79999999999563
"2014-08-04 00:00:00",108303.83,-101602.9,6700.930000000008
"2014-08-05 00:00:00",114338.32,-101891.35,12446.970000000001
"2014-08-06 00:00:00",93144.25,-93951.54,-807.2899999999936
"2014-08-07 00:00:00",119207.46,-122032.06,-2824.5999999999913
"2014-08-08 00:00:00",25227.54,-29283.96,-4056.4199999999983
"2014-08-09 00:00:00",94956.06,-94808.12,147.94000000000233
"2014-08-10 00:00:00",32403.91,-36055.32,-3651.41
"2014-08-11 00:00:00",52108.24,-52310.58,-202.34000000000378
"2014-08-12 00:00:00",62943.33,-71107.94,-8164.610000000001
"2014-08-13 00:00:00",42213.44,-43161.7,-948.2599999999948
"2014-08-14 00:00:00",78186.47,-93411.96,-15225.490000000005
"2014-08-15 00:00:00",95059.85,-97535.57,-2475.720000000001
"2014-08-16 00:00:00",83952.61,-91671.03,-7718.419999999998
"2014-08-17 00:00:00",84626.48,-90263.27,-5636.790000000008
"2014-08-18 00:00:00",103541.34,-107349.35,-3808.0100000000093
"2014-08-19 00:00:00",60014.54,-60259.64,-245.09999999999854
"2014-08-20 00:00:00",58291.79,-57621.62,670.1699999999983
"2014-08-21 00:00:00",226910.6,-211058.27,15852.330000000016
"2014-08-22 00:00:00",51119.09,-50811.72,307.36999999999534
"2014-08-23 00:00:00",392119.5,-392825.25,-705.75
"2014-08-24 00:00:00",122311.72,-123040.94,-729.2200000000012
"2014-08-25 00:00:00",299951.9,-304322.4,-4370.5
"2014-08-26 00:00:00",71730.68,-71587.99,142.68999999998778
"2014-08-27 00:00:00",18708.58,-18911.89,-203.30999999999767
"2014-08-28 00:00:00",218397.21,-221936.1,-3538.890000000014
"2014-08-29 00:00:00",12642.39,-12642.39,0
"2014-08-30 00:00:00",97788.12,-97421.97,366.1499999999942
"2014-08-31 00:00:00",52517.78,-61386.5,-8868.720000000001
"2014-09-01 00:00:00",83926.93,-99689.11,-15762.180000000008
"2014-09-02 00:00:00",72331.87,-78767.37,-6435.5
"2014-09-03 00:00:00",97578.93,-105133.98,-7555.050000000003
"2014-09-04 00:00:00",57665.92,-58208.02,-542.0999999999985
"2014-09-05 00:00:00",102922.36,-103081.86,-159.5
"2014-09-06 00:00:00",38660.57,-34670.64,3989.9300000000003
"2014-09-07 00:00:00",77052.46,-84701.04,-7648.579999999987
"2014-09-08 00:00:00",35986.28,-31530.14,4456.139999999999
"2014-09-09 00:00:00",85110.4,-82236.22,2874.179999999993
"2014-09-10 00:00:00",51360.77,-51384.78,-24.010000000002037
"2014-09-11 00:00:00",92255.75,-91996.21,259.5399999999936
"2014-09-12 00:00:00",55426.95,-71262.11,-15835.160000000003
"2014-09-13 00:00:00",57925.02,-58041.43,-116.41000000000349
"2014-09-14 00:00:00",61616.94,-68312.49,-6695.550000000003
"2014-09-15 00:00:00",80408.7,-80579.71,-171.0100000000093
"2014-09-16 00:00:00",54714.92,-54815.12,-100.20000000000437
"2014-09-17 00:00:00",62665.66,-56934.19,5731.470000000001
"2014-09-18 00:00:00",130711.8,-150843.11,-20131.309999999983
"2014-09-19 00:00:00",82953.83,-106663.28,-23709.449999999997
"2014-09-20 00:00:00",137456.96,-134470.19,2986.7699999999895
"2014-09-21 00:00:00",108281.75,-104605.77,3675.979999999996
"2014-09-22 00:00:00",118854.11,-119979.06,-1124.949999999997
"2014-09-23 00:00:00",305461.54,-312896.19,-7434.650000000023
"2014-09-24 00:00:00",455818.6,-463096.57,-7277.97000000003
"2014-09-25 00:00:00",255435.03,-257091.24,-1656.2099999999919
"2014-09-26 00:00:00",148054.77,-145739.76,2315.00999999998
"2014-09-27 00:00:00",210928.85,-207148.42,3780.429999999993
"2014-09-28 00:00:00",143165.64,-153701.62,-10535.979999999981
"2014-09-29 00:00:00",146895.36,-137803.09,9092.26999999999
"2014-09-30 00:00:00",139472.93,-138446.51,1026.4199999999837
"2014-10-01 00:00:00",218494.78,-217586.93,907.8500000000058
"2014-10-02 00:00:00",156134.31,-148577.51,7556.799999999988
"2014-10-03 00:00:00",193712.85,-192632.15,1080.7000000000116
"2014-10-04 00:00:00",95780.9,-96278.36,-497.4600000000064
"2014-10-05 00:00:00",209219.83,-219771.22,-10551.390000000014
"2014-10-06 00:00:00",362850.66,-371921.64,-9070.98000000004
"2014-10-07 00:00:00",219146.05,-222031.71,-2885.6600000000035
"2014-10-08 00:00:00",218868.2,-234353.48,-15485.279999999999
"2014-10-09 00:00:00",252763.84,-280542.26,-27778.420000000013
"2014-10-10 00:00:00",182444.18,-197536.42,-15092.24000000002
"2014-10-11 00:00:00",82167.37,-81301.82,865.5499999999884
"2014-10-12 00:00:00",52826.53,-60253.85,-7427.32
"2014-10-13 00:00:00",227633.65,-248658.61,-21024.959999999992
"2014-10-14 00:00:00",283356.24,-277826.63,5529.609999999986
"2014-10-15 00:00:00",659215.21,-673625.77,-14410.560000000056
"2014-10-16 00:00:00",487404.71,-495044.65,-7639.940000000002
"2014-10-17 00:00:00",358353.55,-365404.21,-7050.660000000033
"2014-10-18 00:00:00",198514.94,-192254.2,6260.739999999991
"2014-10-19 00:00:00",137083.06,-131687.75,5395.309999999998
"2014-10-20 00:00:00",232053.26,-234219.69,-2166.429999999993
"2014-10-21 00:00:00",95606.13,-97956.11,-2349.979999999996
"2014-10-22 00:00:00",305174.3,-287325.22,17849.080000000016
"2014-10-23 00:00:00",445702.64,-446599.99,-897.3499999999767
"2014-10-24 00:00:00",203892.54,-214031.52,-10138.979999999981
"2014-10-25 00:00:00",412699.01,-421314.48,-8615.469999999972
"2014-10-26 00:00:00",495006.6,-490972.9,4033.6999999999534
"2014-10-27 00:00:00",531188.48,-532737.32,-1548.8399999999674
"2014-10-28 00:00:00",329769.21,-332053.3,-2284.0899999999674
"2014-10-29 00:00:00",158248.17,-159327.46,-1079.289999999979
"2014-10-30 00:00:00",172877.73,-175421.6,-2543.8699999999953
"2014-10-31 00:00:00",804134.37,-804261.88,-127.51000000000931
"2014-11-01 00:00:00",270930.25,-272004.9,-1074.6500000000233
"2014-11-02 00:00:00",191475.64,-187233.15,4242.49000000002
"2014-11-03 00:00:00",555257.27,-551871.02,3386.25
"2014-11-04 00:00:00",359211.13,-362064.8,-2853.6699999999837
"2014-11-05 00:00:00",194269.87,-195064.25,-794.3800000000047
"2014-11-06 00:00:00",171552.41,-181832.43,-10280.01999999999
"2014-11-07 00:00:00",230941.39,-253330.82,-22389.429999999993
"2014-11-08 00:00:00",196007.91,-196467.59,-459.679999999993
"2014-11-09 00:00:00",120829.29,-125145.04,-4315.75
"2014-11-10 00:00:00",223287.25,-245126.41,-21839.160000000003
"2014-11-11 00:00:00",136515.11,-143759.93,-7244.820000000007
"2014-11-12 00:00:00",261197.74,-259392.64,1805.0999999999767
"2014-11-13 00:00:00",610966.35,-616892.45,-5926.099999999977
"2014-11-14 00:00:00",246602.02,-252558.47,-5956.450000000012
"2014-11-15 00:00:00",278051.85,-286947.06,-8895.210000000021
"2014-11-16 00:00:00",218904.21,-201645.57,17258.639999999985
"2014-11-17 00:00:00",180561.1,-184732.02,-4170.919999999984
"2014-11-18 00:00:00",182179.67,-170267.91,11911.76000000001
"2014-11-19 00:00:00",297248.48,-298065.09,-816.6100000000442
"2014-11-20 00:00:00",223769.33,-226210.84,-2441.5100000000093
"2014-11-21 00:00:00",195524.82,-197105.01,-1580.1900000000023
"2014-11-22 00:00:00",206105.93,-204676.67,1429.2599999999802
"2014-11-23 00:00:00",209934.65,-196377.1,13557.549999999988
"2014-11-24 00:00:00",204196.23,-202989.05,1207.1800000000221
"2014-11-25 00:00:00",216450.11,-204082.23,12367.879999999976
"2014-11-26 00:00:00",372580.63,-370569.91,2010.7200000000303
"2014-11-27 00:00:00",421811.22,-423116.03,-1304.8100000000559
"2014-11-28 00:00:00",476434.93,-437229.77,39205.159999999974
"2014-11-29 00:00:00",256035.4,-254580.64,1454.7599999999802
"2014-11-30 00:00:00",247189.4,-250028.16,-2838.7600000000093
"2014-12-01 00:00:00",454912.34,-439751.3,15161.040000000037
"2014-12-02 00:00:00",475698.02,-464550.81,11147.210000000021
"2014-12-03 00:00:00",244916.01,-257415.07,-12499.059999999998
"2014-12-04 00:00:00",240179.9,-174607.67,65572.22999999998
"2014-12-05 00:00:00",313811.23,-311720.46,2090.7699999999604
"2014-12-06 00:00:00",107732.51,-81284.27,26448.23999999999
"2014-12-07 00:00:00",190696.94,-198787.65,-8090.709999999992
"2014-12-08 00:00:00",625882.22,-686482.62,-60600.40000000002
"2014-12-09 00:00:00",230668.15,-233045.39,-2377.24000000002
"2014-12-10 00:00:00",369380.08,-388696.91,-19316.829999999958
"2014-12-11 00:00:00",83732.02,-74544.44,9187.580000000002
"2014-12-12 00:00:00",305554.58,-322399.75,-16845.169999999984
"2014-12-13 00:00:00",54742.53,-63954.55,-9212.020000000004
"2014-12-14 00:00:00",51758,-51790.98,-32.9800000000032
"2014-12-15 00:00:00",73453.34,-73526.46,-73.1200000000099
"2014-12-16 00:00:00",97485.26,-97485.26,0
"2014-12-17 00:00:00",151003.19,-150370.55,632.640000000014
"2014-12-18 00:00:00",77420.55,-91350.93,-13930.37999999999
"2014-12-19 00:00:00",47547.85,-69072.54,-21524.689999999995
"2014-12-20 00:00:00",68380.16,-85147.4,-16767.23999999999
"2014-12-21 00:00:00",383289.1,-458288.76,-74999.66000000003
"2014-12-22 00:00:00",115988.9,-115953.41,35.48999999999069
"2014-12-23 00:00:00",210844.21,-215967.21,-5123
"2014-12-24 00:00:00",182129.25,-165484.15,16645.100000000006
"2014-12-25 00:00:00",215314.18,-206584.26,8729.919999999984
"2014-12-26 00:00:00",132109.64,-129437.43,2672.210000000021
"2014-12-27 00:00:00",71608.54,-73475.73,-1867.1900000000023
"2014-12-28 00:00:00",64696.96,-79930.08,-15233.120000000003
"2014-12-29 00:00:00",77720.83,-83291.56,-5570.729999999996
"2014-12-30 00:00:00",178854.1,-179855.16,-1001.0599999999977
"2014-12-31 00:00:00",82553.77,-74567.62,7986.150000000009
"2015-01-01 00:00:00",46788.94,-48242.88,-1453.939999999995
"2015-01-02 00:00:00",20507.35,-20432.55,74.79999999999927
"2015-01-03 00:00:00",98558.85,-112983.3,-14424.449999999997
"2015-01-04 00:00:00",136412.25,-127801.98,8610.270000000004
"2015-01-05 00:00:00",47831.91,-48210.89,-378.9799999999959
"2015-01-06 00:00:00",35647.36,-36146.16,-498.8000000000029
"2015-01-07 00:00:00",30186.54,-50076.52,-19889.979999999996
"2015-01-08 00:00:00",138927.46,-148779.26,-9851.800000000017
"2015-01-09 00:00:00",187451.65,-193494.65,-6043
"2015-01-10 00:00:00",67647.2,-76693.75,-9046.550000000003
"2015-01-11 00:00:00",18122.13,-18158.55,-36.419999999998254
"2015-01-13 00:00:00",53515.62,-55302.48,-1786.8600000000006
"2015-01-14 00:00:00",150347.2,-152402.99,-2055.789999999979
"2015-01-16 00:00:00",320044.08,-324053.92,-4009.8399999999674
"2015-01-17 00:00:00",24249.13,-24089.43,159.70000000000073
"2015-01-18 00:00:00",23831.99,-22423.17,1408.8200000000033
"2015-01-21 00:00:00",202716.03,-184875.35,17840.679999999993
"2015-01-22 00:00:00",12863,-14062,-1199
"2015-01-23 00:00:00",25777.72,-26277.99,-500.27000000000044
"2015-01-24 00:00:00",404510.93,-403267.78,1243.149999999965
"2015-01-25 00:00:00",21268.49,-22413.47,-1144.9799999999996
"2015-01-26 00:00:00",91054.7,-89486.58,1568.1199999999953
"2015-01-27 00:00:00",12599.15,-17564.29,-4965.140000000001
"2015-01-28 00:00:00",194048.26,-200334.72,-6286.459999999992
"2015-01-29 00:00:00",83929.19,-76124.6,7804.5899999999965
"2015-01-30 00:00:00",74648.6,-85866.42,-11217.819999999992
"2015-01-31 00:00:00",82705.28,-82438.55,266.7299999999959
"2015-02-01 00:00:00",25010.94,-36450.81,-11439.869999999999
"2015-02-02 00:00:00",131707.73,-135672.79,-3965.0599999999977
"2015-02-04 00:00:00",18769.12,-18744.56,24.55999999999767
"2015-02-05 00:00:00",90787.23,-90124.87,662.3600000000006
"2015-02-06 00:00:00",94955.83,-85315.32,9640.509999999995
"2015-02-07 00:00:00",35359.75,-35027.06,332.6900000000023
"2015-02-08 00:00:00",46528.29,-48829.67,-2301.3799999999974
"2015-02-09 00:00:00",71027.1,-66083.11,4943.990000000005
"2015-02-10 00:00:00",38593.89,-39063.33,-469.4400000000023
"2015-02-11 00:00:00",67013.12,-67348.36,-335.24000000000524
"2015-02-12 00:00:00",53359.8,-62037.96,-8678.159999999996
"2015-02-13 00:00:00",50861.41,-59040.2,-8178.789999999994
"2015-02-14 00:00:00",63252.62,-65010.56,-1757.939999999995
"2015-02-15 00:00:00",65253.51,-62998.33,2255.1800000000003
"2015-02-16 00:00:00",80296.88,-82550.87,-2253.9899999999907
"2015-02-17 00:00:00",79644.11,-81695.84,-2051.729999999996
"2015-02-18 00:00:00",94835.6,-94666.01,169.59000000001106
"2015-02-19 00:00:00",63771.77,-49708.46,14063.309999999998
"2015-02-20 00:00:00",130057.12,-129963.95,93.16999999999825
"2015-02-21 00:00:00",38146.01,-45106.08,-6960.07
"2015-02-22 00:00:00",22130.05,-32557.38,-10427.330000000002
"2015-02-23 00:00:00",57274.93,-57720.86,-445.9300000000003
"2015-02-24 00:00:00",29191.23,-30273.03,-1081.7999999999993
"2015-02-25 00:00:00",53680.03,-59684.73,-6004.700000000004
"2015-02-28 00:00:00",36548.99,-37239.61,-690.6200000000026
"2015-03-02 00:00:00",21904.86,-21963.14,-58.279999999998836
"2015-03-03 00:00:00",22836.98,-53153.36,-30316.38
"2015-03-04 00:00:00",38538.64,-54728.93,-16190.29
"2015-03-05 00:00:00",121843.83,-127572.05,-5728.220000000001
"2015-03-06 00:00:00",75862.82,-62896.65,12966.170000000006
"2015-03-07 00:00:00",244462.57,-288693.48,-44230.909999999974
"2015-03-08 00:00:00",397789.93,-526617.93,-128828.00000000006
"2015-03-09 00:00:00",294458.63,-310440.69,-15982.059999999998
"2015-03-10 00:00:00",170638.48,-166823.78,3814.7000000000116
"2015-03-11 00:00:00",76145.96,-88858.9,-12712.939999999988
"2015-03-12 00:00:00",185916.72,-194782.69,-8865.970000000001
"2015-03-13 00:00:00",90040.07,-88361.61,1678.4600000000064
"2015-03-14 00:00:00",37233.71,-47296.9,-10063.190000000002
"2015-03-15 00:00:00",48718.79,-48525,193.79000000000087
"2015-03-16 00:00:00",35551.04,-55427.1,-19876.059999999998
"2015-03-17 00:00:00",39876.25,-20469.62,19406.63
"2015-03-18 00:00:00",39234.49,-39404.21,-169.72000000000116
"2015-03-19 00:00:00",37326.63,-37878.79,-552.1600000000035
"2015-03-20 00:00:00",12767.07,-12782.27,-15.200000000000728
"2015-03-21 00:00:00",55286.59,-55994.73,-708.1400000000067
"2015-03-22 00:00:00",20235.68,-17676.26,2559.420000000002
"2015-03-23 00:00:00",61673.7,-47726.13,13947.57
"2015-03-24 00:00:00",30588.69,-25623.2,4965.489999999998
"2015-03-25 00:00:00",67097.45,-58784.46,8312.989999999998
"2015-03-26 00:00:00",18603.66,-18493.32,110.34000000000015
"2015-03-27 00:00:00",13034.48,-26368.58,-13334.100000000002
"2015-03-28 00:00:00",27788.7,-18932.78,8855.920000000002
"2015-03-29 00:00:00",49042.85,-53958.54,-4915.690000000002
"2015-03-30 00:00:00",52428.9,-68883.14,-16454.239999999998
"2015-03-31 00:00:00",30024.8,-42053.06,-12028.259999999998
"2015-04-01 00:00:00",18376.52,-31855.19,-13478.669999999998
"2015-04-02 00:00:00",52631.03,-50060.98,2570.0499999999956
"2015-04-03 00:00:00",18494.97,-18600.02,-105.04999999999927
"2015-04-04 00:00:00",10886.69,-11061.78,-175.09000000000015
"2015-04-05 00:00:00",28622.75,-29007.93,-385.1800000000003
"2015-04-06 00:00:00",40104.27,-40214.54,-110.27000000000407
"2015-04-07 00:00:00",23886.75,-23901.6,-14.849999999998545
"2015-04-08 00:00:00",27975.4,-33928.75,-5953.3499999999985
"2015-04-09 00:00:00",69929.94,-77170.19,-7240.25
"2015-04-10 00:00:00",172087.43,-186567.05,-14479.619999999995
"2015-04-11 00:00:00",36199.64,-33212.57,2987.0699999999997
"2015-04-12 00:00:00",29540.89,-29610.65,-69.76000000000204
"2015-04-13 00:00:00",46150.61,-49019.32,-2868.709999999999
"2015-04-14 00:00:00",22131.11,-22260.98,-129.86999999999898
"2015-04-15 00:00:00",40019.82,-13532.26,26487.559999999998
"2015-04-16 00:00:00",11591.18,-11690.92,-99.73999999999978
"2015-04-17 00:00:00",39005.67,-65486.99,-26481.32
"2015-04-18 00:00:00",72598.53,-72995.79,-397.25999999999476
"2015-04-19 00:00:00",63677.77,-63741.99,-64.22000000000116
"2015-04-20 00:00:00",72768.49,-72618.74,149.75
"2015-04-21 00:00:00",43173.85,-43231.9,-58.05000000000291
"2015-04-22 00:00:00",31048.05,-31118.31,-70.26000000000204
"2015-04-23 00:00:00",112438.48,-112539.48,-101
"2015-04-24 00:00:00",30264.24,-30279.79,-15.549999999999272
"2015-04-25 00:00:00",38010.35,-38212.58,-202.2300000000032
"2015-04-26 00:00:00",35283.82,-35437.07,-153.25
"2015-04-27 00:00:00",50772.85,-50772.85,0
"2015-04-28 00:00:00",14351.53,-14351.53,0
"2015-04-29 00:00:00",13585.32,-13585.32,0
"2015-04-30 00:00:00",48462.82,-49566.29,-1103.4700000000012
"2015-05-01 00:00:00",31916.34,-33312.82,-1396.4799999999996
"2015-05-02 00:00:00",0,-9072,-9072
"2015-05-03 00:00:00",25232,-26835.89,-1603.8899999999994
"2015-05-04 00:00:00",18252.68,-18022.56,230.11999999999898
"2015-05-05 00:00:00",17773.41,-17773.41,0
"2015-05-06 00:00:00",30302.83,-30117.67,185.1600000000035
"2015-05-07 00:00:00",16289.64,-16413.06,-123.42000000000189
"2015-05-08 00:00:00",25640.73,-23849.52,1791.2099999999991
"2015-05-09 00:00:00",22404.28,-23912.61,-1508.3300000000017
"2015-05-10 00:00:00",14852.13,-14845.83,6.299999999999272
"2015-05-11 00:00:00",0,-14006.9,-14006.9
"2015-05-12 00:00:00",0,-11261,-11261
"2015-05-15 00:00:00",14648.89,-14451.15,197.73999999999978
"2015-05-16 00:00:00",29015.19,-36835.63,-7820.439999999999
"2015-05-17 00:00:00",18997.08,-19144.26,-147.17999999999665
"2015-05-18 00:00:00",9897.27,-9783.19,114.07999999999993
"2015-05-20 00:00:00",27463,-27491.74,-28.7400000000016
"2015-05-21 00:00:00",67404.72,-67589.7,-184.97999999999593
"2015-05-22 00:00:00",188506.42,-188884.84,-378.4199999999837
"2015-05-23 00:00:00",76772.35,-86584.22,-9811.869999999995
"2015-05-24 00:00:00",83908.61,-84191.73,-283.11999999999534
"2015-05-25 00:00:00",83536.56,-93177.92,-9641.36
"2015-05-26 00:00:00",38648.16,-38720.76,-72.59999999999854
"2015-05-27 00:00:00",25738.64,-25815.14,-76.5
"2015-05-28 00:00:00",13312.19,-13360.58,-48.38999999999942
"2015-05-29 00:00:00",0,-11487.57,-11487.57
"2015-05-30 00:00:00",59263.36,-58241.84,1021.5200000000041
"2015-05-31 00:00:00",134833.71,-134462.91,370.79999999998836
"2015-06-01 00:00:00",265030.89,-294764.3,-29733.409999999974
"2015-06-02 00:00:00",261745.41,-262127.1,-381.6900000000023
"2015-06-03 00:00:00",168449.54,-160094.63,8354.910000000003
"2015-06-04 00:00:00",107548.96,-114803.41,-7254.449999999997
"2015-06-05 00:00:00",263280.92,-264554.05,-1273.1300000000047
"2015-06-06 00:00:00",234928.83,-223936.52,10992.309999999998
"2015-06-07 00:00:00",255381.2,-256140.52,-759.3199999999779
"2015-06-08 00:00:00",200022.07,-186797.13,13224.940000000002
"2015-06-09 00:00:00",118259.4,-117423.15,836.25
"2015-06-10 00:00:00",170269.53,-170210.94,58.58999999999651
"2015-06-11 00:00:00",147204.75,-147455.46,-250.70999999999185
"2015-06-12 00:00:00",159722.28,-159361.43,360.8500000000058
"2015-06-13 00:00:00",196124.4,-195873.32,251.0799999999872
"2015-06-14 00:00:00",258974.85,-259260.7,-285.8500000000058
"2015-06-15 00:00:00",61287.28,-61506.34,-219.05999999999767
"2015-06-16 00:00:00",215920.2,-213638.89,2281.3099999999977
"2015-06-17 00:00:00",163721.27,-162272.86,1448.4100000000035
"2015-06-18 00:00:00",141498.46,-145065.53,-3567.070000000007
"2015-06-19 00:00:00",427787.65,-430605.78,-2818.1300000000047
"2015-06-20 00:00:00",97088.1,-96470.67,617.4300000000076
"2015-06-21 00:00:00",153381.55,-154274.69,-893.140000000014
"2015-06-22 00:00:00",11461.89,0,11461.89
"2015-06-24 00:00:00",17273.54,-17499.19,-225.64999999999782
"2015-06-25 00:00:00",21198.05,-20940.83,257.2199999999975
"2015-06-26 00:00:00",36525.45,-38218.82,-1693.3700000000026
"2015-06-27 00:00:00",23394.83,-23510.94,-116.10999999999694
"2015-06-28 00:00:00",10732.15,-10860.88,-128.72999999999956
"2015-06-29 00:00:00",49674.83,-48565.4,1109.4300000000003
"2015-06-30 00:00:00",78125.21,-61607.55,16517.660000000003
"2015-07-01 00:00:00",77814.93,-78469.03,-654.1000000000058
"2015-07-02 00:00:00",48966.42,-48710.68,255.73999999999796
"2015-07-03 00:00:00",29251.78,-44104.99,-14853.21
"2015-07-04 00:00:00",23290.79,-21968.06,1322.7299999999996
"2015-07-05 00:00:00",74202.76,-73613.7,589.0599999999977
"2015-07-06 00:00:00",37883.94,-51382.27,-13498.329999999994
"2015-07-07 00:00:00",12963,-14156.41,-1193.4099999999999
"2015-07-08 00:00:00",0,-17823,-17823
"2015-07-09 00:00:00",14252,-13599,653
"2015-07-10 00:00:00",50540.42,-23991.2,26549.219999999998
"2015-07-11 00:00:00",42401.05,-40566.6,1834.4500000000044
"2015-07-12 00:00:00",15243.24,-54094.99,-38851.75
"2015-07-13 00:00:00",29695.86,-29887.07,-191.20999999999913
"2015-07-14 00:00:00",25701.13,-25375.74,325.3899999999994
"2015-07-15 00:00:00",61325.8,-63539.27,-2213.469999999994
"2015-07-16 00:00:00",29545.78,-29065.91,479.869999999999
"2015-07-17 00:00:00",46806.63,-47052.16,-245.5300000000061
"2015-07-18 00:00:00",57024.78,-56102.72,922.0599999999977
"2015-07-19 00:00:00",16987.28,-17307.34,-320.0600000000013
"2015-07-20 00:00:00",22500.1,-22458,42.099999999998545
"2015-07-21 00:00:00",48718.9,-44602.21,4116.690000000002
"2015-07-22 00:00:00",83668.87,-72007.42,11661.449999999997
"2015-07-23 00:00:00",121950.75,-121337.1,613.6499999999942
"2015-07-24 00:00:00",80807.62,-80955.02,-147.40000000000873
"2015-07-25 00:00:00",48290.46,-60087.54,-11797.080000000002
"2015-07-26 00:00:00",18906.39,-25004.48,-6098.09
"2015-07-27 00:00:00",63364.4,-62827.33,537.0699999999997
"2015-07-28 00:00:00",123811.72,-122757.43,1054.2900000000081
"2015-07-29 00:00:00",75095.85,-75390.4,-294.54999999998836
"2015-07-30 00:00:00",62280.93,-62509.8,-228.87000000000262
"2015-07-31 00:00:00",79074.5,-80553.74,-1479.2400000000052
"2015-08-01 00:00:00",75051.71,-75597.07,-545.3600000000006
"2015-08-02 00:00:00",102687.3,-103585.71,-898.4100000000035
"2015-08-03 00:00:00",100775.12,-122196.57,-21421.45000000001
"2015-08-04 00:00:00",132245.12,-150372.46,-18127.339999999997
"2015-08-05 00:00:00",30632.06,-44468.57,-13836.509999999998
"2015-08-06 00:00:00",60463.81,-60991.46,-527.6500000000015
"2015-08-07 00:00:00",79347.74,-78598.49,749.25
"2015-08-08 00:00:00",272158.07,-286076.79,-13918.719999999972
"2015-08-09 00:00:00",209529.64,-112531.84,96997.80000000002
"2015-08-10 00:00:00",117087.12,-119296.85,-2209.7300000000105
"2015-08-11 00:00:00",124198.97,-124501.89,-302.91999999999825
"2015-08-12 00:00:00",229234.33,-230755.73,-1521.4000000000233
"2015-08-13 00:00:00",246355.29,-229162.64,17192.649999999994
"2015-08-14 00:00:00",247101.5,-245343.24,1758.2600000000093
"2015-08-15 00:00:00",322904.6,-325636.61,-2732.0100000000093
"2015-08-16 00:00:00",333442.57,-335947.91,-2505.3399999999674
"2015-08-17 00:00:00",377563.99,-365998.56,11565.429999999993
"2015-08-18 00:00:00",422167.86,-468370.51,-46202.65000000002
"2015-08-19 00:00:00",168811.41,-177712.01,-8900.600000000006
"2015-08-20 00:00:00",264410.71,-260099.75,4310.960000000021
"2015-08-21 00:00:00",230165.83,-254546.22,-24380.390000000014
"2015-08-22 00:00:00",251728.2,-273511.38,-21783.179999999993
"2015-08-23 00:00:00",162701.14,-186265.87,-23564.72999999998
"2015-08-24 00:00:00",369572.8,-350525.21,19047.589999999967
"2015-08-25 00:00:00",317969.62,-315839.04,2130.5800000000163
"2015-08-26 00:00:00",212559.64,-219413.1,-6853.459999999992
"2015-08-27 00:00:00",270108.41,-273406.63,-3298.2200000000303
"2015-08-28 00:00:00",448453.81,-425545.8,22908.01000000001
"2015-08-29 00:00:00",139432.53,-140586.3,-1153.7699999999895
"2015-08-30 00:00:00",97423.31,-107468.89,-10045.580000000002
"2015-08-31 00:00:00",183809.87,-158961.07,24848.79999999999
"2015-09-01 00:00:00",193935.43,-200559.9,-6624.470000000001
"2015-09-02 00:00:00",114553.01,-114115.48,437.52999999999884
"2015-09-03 00:00:00",123707.47,-118007.04,5700.430000000008
"2015-09-04 00:00:00",126398.4,-121342.82,5055.579999999987
"2015-09-05 00:00:00",88102.25,-88337.15,-234.89999999999418
"2015-09-06 00:00:00",168347.73,-152410.71,15937.020000000019
"2015-09-07 00:00:00",62511.09,-79165.73,-16654.64
"2015-09-08 00:00:00",174051.78,-180829.47,-6777.690000000002
"2015-09-09 00:00:00",96979.12,-99967.54,-2988.4199999999983
"2015-09-10 00:00:00",146832.9,-164500.37,-17667.47
"2015-09-11 00:00:00",64195.15,-63774.36,420.7900000000009
"2015-09-12 00:00:00",50895.31,-51248.71,-353.40000000000146
"2015-09-13 00:00:00",63144.04,-59822.31,3321.730000000003
"2015-09-14 00:00:00",90143.47,-89974.9,168.57000000000698
"2015-09-15 00:00:00",98909.24,-98929.17,-19.929999999993015
"2015-09-16 00:00:00",181630.52,-200946.5,-19315.98000000001
"2015-09-17 00:00:00",203753.66,-204173.69,-420.02999999999884
"2015-09-18 00:00:00",169543.82,-186777.83,-17234.00999999998
"2015-09-19 00:00:00",142433.12,-155022.15,-12589.029999999999
"2015-09-20 00:00:00",116889.3,-117609.88,-720.5800000000017
"2015-09-21 00:00:00",193497.33,-194806.19,-1308.8600000000151
"2015-09-22 00:00:00",30509.52,-31205.99,-696.4700000000012
"2015-09-23 00:00:00",90491.27,-100020.13,-9528.86
"2015-09-24 00:00:00",88489.41,-90929.67,-2440.2599999999948
"2015-09-25 00:00:00",75546.7,-78233.34,-2686.6399999999994
"2015-09-26 00:00:00",53137.14,-53392.45,-255.30999999999767
"2015-09-27 00:00:00",42696.3,-43045.21,-348.9099999999962
"2015-09-28 00:00:00",72220.29,-73209.71,-989.4200000000128
"2015-09-29 00:00:00",120152.28,-118705.21,1447.0699999999924
"2015-09-30 00:00:00",133620.9,-133682.69,-61.79000000000815
"2015-10-01 00:00:00",55842.58,-56663.37,-820.7900000000009
"2015-10-02 00:00:00",99816.51,-79662.06,20154.449999999997
"2015-10-03 00:00:00",65912.11,-99197.83,-33285.72
"2015-10-04 00:00:00",20339.07,-20294.29,44.779999999998836
"2015-10-05 00:00:00",63195.75,-56424.5,6771.25
"2015-10-06 00:00:00",67855.19,-87682.89,-19827.699999999997
"2015-10-07 00:00:00",49297.56,-49324.81,-27.25
"2015-10-08 00:00:00",85625.95,-89740.94,-4114.990000000005
"2015-10-09 00:00:00",89702.57,-103737.69,-14035.119999999995
"2015-10-10 00:00:00",89443.81,-90587.87,-1144.0599999999977
"2015-10-11 00:00:00",69106.39,-69410.65,-304.25999999999476
"2015-10-12 00:00:00",76654.38,-77094.3,-439.91999999999825
"2015-10-13 00:00:00",41705.88,-58863.25,-17157.370000000003
"2015-10-14 00:00:00",39483.99,-39290.31,193.6800000000003
"2015-10-15 00:00:00",21478.41,-20783.6,694.8100000000013
"2015-10-16 00:00:00",19535,0,19535
"2015-10-18 00:00:00",34871.58,-35925.17,-1053.5899999999965
"2015-10-19 00:00:00",48069.19,-35777.85,12291.340000000004
"2015-10-20 00:00:00",53407.47,-43886.24,9521.230000000003
"2015-10-21 00:00:00",20828.78,-40815.98,-19987.200000000004
"2015-10-22 00:00:00",42023.46,-42533.68,-510.22000000000116
"2015-10-23 00:00:00",84933.95,-85306.43,-372.4799999999959
"2015-10-24 00:00:00",78938.15,-80596.8,-1658.6500000000087
"2015-10-25 00:00:00",90690.97,-89425.06,1265.9100000000035
"2015-10-26 00:00:00",87089.07,-90034.52,-2945.449999999997
"2015-10-27 00:00:00",58302.53,-38437.52,19865.010000000002
"2015-10-28 00:00:00",157194.38,-198597.94,-41403.56
"2015-10-30 00:00:00",60975.04,-57337.11,3637.9300000000003
"2015-10-31 00:00:00",22101,-20104,1997
"2015-11-01 00:00:00",23489,-25094,-1605
"2015-11-02 00:00:00",89862.6,-61279.06,28583.540000000008
"2015-11-03 00:00:00",74325.86,-121915.25,-47589.39
"2015-11-05 00:00:00",318150.94,-360187.15,-42036.21000000002
"2015-11-06 00:00:00",31127,-90836.05,-59709.05
"2015-11-07 00:00:00",76899.87,-84049.99,-7150.12000000001
"2015-11-08 00:00:00",22114,-22525,-411
"2015-11-09 00:00:00",187590.25,-231700,-44109.75
"2015-11-10 00:00:00",29506,0,29506
"2015-11-11 00:00:00",68373.76,-34887,33486.759999999995
"2015-11-12 00:00:00",125152.89,-121360.28,3792.6100000000006
"2015-11-13 00:00:00",33287.72,0,33287.72
"2015-11-14 00:00:00",31790.15,-38648.59,-6858.439999999995
"2015-11-15 00:00:00",24298,-24435,-137
"2015-11-16 00:00:00",98393.83,-59596.51,38797.32
"2015-11-17 00:00:00",135794.25,-126978.7,8815.550000000003
"2015-11-18 00:00:00",56987.02,-108293.34,-51306.32
"2015-11-20 00:00:00",47783.05,-49636.51,-1853.4599999999991
"2015-11-21 00:00:00",32425.58,-32699.35,-273.7699999999968
"2015-11-22 00:00:00",52801.28,-53159.31,-358.02999999999884
"2015-11-23 00:00:00",39049.18,-39007.25,41.93000000000029
"2015-11-24 00:00:00",35248.56,-35506.39,-257.83000000000175
"2015-11-25 00:00:00",18983,-18849,134
"2015-11-26 00:00:00",47508.54,-25611,21897.54
"2015-11-27 00:00:00",59202.92,-113846.81,-54643.89
"2015-11-28 00:00:00",0,-38139.72,-38139.72
"2015-11-29 00:00:00",46539.74,-45352.7,1187.0400000000009
"2015-11-30 00:00:00",50653.52,-51200.81,-547.2900000000009
"2015-12-01 00:00:00",120974.51,-57687.39,63287.119999999995
"2015-12-02 00:00:00",237232.59,-229213.04,8019.549999999988
"2015-12-03 00:00:00",90821.22,-105281.43,-14460.209999999992
"2015-12-05 00:00:00",61994.11,-63001.83,-1007.7200000000012
"2015-12-06 00:00:00",63452.95,-60835.76,2617.189999999995
"2015-12-07 00:00:00",121698.2,-122718.75,-1020.5500000000029
"2015-12-08 00:00:00",79181.66,-90474.28,-11292.619999999995
"2015-12-09 00:00:00",96303.52,-97587.15,-1283.62999999999
"2015-12-10 00:00:00",40274,-39509.4,764.5999999999985
"2015-12-12 00:00:00",84307.09,-88696.21,-4389.12000000001
"2015-12-13 00:00:00",52631.23,-54802.81,-2171.5799999999945
"2015-12-14 00:00:00",156090.86,-149292.9,6797.959999999992
"2015-12-15 00:00:00",140576.43,-142617.6,-2041.1700000000128
"2015-12-16 00:00:00",66551.45,-66560.15,-8.69999999999709
"2015-12-17 00:00:00",0,-49593.09,-49593.09
"2015-12-19 00:00:00",139745.14,-146870.53,-7125.389999999985
"2015-12-21 00:00:00",119982.51,-120047.52,-65.01000000000931
"2015-12-26 00:00:00",66524.74,-61296.69,5228.050000000003
"2015-12-27 00:00:00",234674.78,-224468.19,10206.589999999997
"2015-12-28 00:00:00",310281.57,-312550.7,-2269.1300000000047
"2015-12-29 00:00:00",589719.87,-593956.37,-4236.5
"2015-12-30 00:00:00",1016259.77,-1015989.78,269.9899999999907
"2015-12-31 00:00:00",45482.01,-32140,13342.010000000002
"2016-01-01 00:00:00",12190,-12190,0
"2016-01-02 00:00:00",251015.85,-251028.2,-12.35000000000582
"2016-01-03 00:00:00",53098.57,-53203,-104.43000000000029
"2016-01-04 00:00:00",34815.07,-34618.35,196.72000000000116