"Fecha","Último","Apertura","Máximo","Mínimo","Vol.","% var."
"08.04.2022","363,52","363,52","363,52","363,52","-","-0,24%"
"07.04.2022","364,40","361,85","361,85","361,85","0,00K","0,18%"
"06.04.2022","363,75","366,63","366,95","363,00","0,09K","-1,07%"
"05.04.2022","367,70","372,05","372,83","367,45","0,07K","-1,40%"
"04.04.2022","372,92","372,92","372,92","372,92","-","0,88%"
"01.04.2022","369,67","369,67","369,67","369,67","-","0,49%"
"31.03.2022","367,88","371,80","371,80","371,80","0,04K","-1,37%"
"30.03.2022","372,98","374,23","374,75","374,23","0,02K","-0,58%"
"29.03.2022","375,15","372,85","375,30","372,85","0,02K","1,55%"
"28.03.2022","369,42","367,42","368,73","367,42","0,00K","0,44%"
"25.03.2022","367,80","365,80","367,80","365,80","0,17K","0,18%"
"24.03.2022","367,13","364,10","366,73","364,02","0,07K","1,16%"
"23.03.2022","362,90","364,17","364,17","364,17","0,00K","-1,20%"
"22.03.2022","367,30","367,58","367,58","367,58","0,00K","1,23%"
"21.03.2022","362,83","362,42","362,42","361,83","0,00K","0,06%"
"18.03.2022","362,59","362,59","362,59","362,59","-","0,99%"
"17.03.2022","359,02","355,50","358,88","355,50","0,04K","0,95%"
"16.03.2022","355,65","349,00","353,85","349,00","0,07K","3,24%"
"15.03.2022","344,48","339,98","341,80","339,58","0,03K","1,56%"
"14.03.2022","339,20","343,70","344,40","342,35","2,77K","-0,61%"
"11.03.2022","341,27","347,08","350,70","344,40","1,98K","-1,37%"
"10.03.2022","346,02","347,00","347,00","344,70","0,03K","-0,77%"
"09.03.2022","348,70","344,40","349,90","344,40","0,08K","2,98%"
"08.03.2022","338,60","339,50","340,73","337,00","0,08K","-0,21%"
"07.03.2022","339,30","342,15","347,10","342,00","0,06K","-3,11%"
"04.03.2022","350,20","351,23","351,23","348,70","0,04K","-1,39%"
"03.03.2022","355,15","358,95","358,95","354,25","0,15K","-1,13%"
"02.03.2022","359,23","354,30","359,58","354,30","0,11K","1,48%"
"01.03.2022","354,00","356,55","359,10","352,90","0,14K","-1,63%"
"28.02.2022","359,88","358,13","361,00","357,65","0,12K","-0,66%"
"25.02.2022","362,25","352,65","362,30","352,45","0,20K","2,28%"
"24.02.2022","354,17","342,27","353,67","340,70","0,20K","0,38%"
"23.02.2022","352,85","356,38","356,38","352,83","0,04K","-1,50%"
"22.02.2022","358,23","360,50","360,50","360,50","0,00K","-1,12%"
"21.02.2022","362,27","360,38","360,38","360,38","0,00K","0,00%"
"18.02.2022","362,27","366,40","366,40","362,40","0,07K","-0,78%"
"17.02.2022","365,13","369,88","369,88","365,27","0,07K","-1,89%"
"16.02.2022","372,15","369,27","369,85","369,27","0,03K","0,21%"
"15.02.2022","371,38","369,50","370,50","369,50","0,03K","1,70%"
"14.02.2022","365,15","363,27","366,50","362,33","0,34K","-0,41%"
"11.02.2022","366,65","373,50","373,50","366,50","0,03K","-1,83%"
"10.02.2022","373,50","378,27","379,67","372,70","0,05K","-1,41%"
"09.02.2022","378,85","377,85","378,88","377,85","0,17K","1,55%"
"08.02.2022","373,05","369,85","372,95","369,85","0,00K","0,77%"
"07.02.2022","370,20","369,75","371,88","369,75","0,15K","-0,22%"
"04.02.2022","371,00","371,00","371,00","371,00","-","0,54%"
"03.02.2022","369,02","373,27","373,27","370,67","0,22K","-2,05%"
"02.02.2022","376,75","375,30","375,30","375,30","0,00K","0,69%"
"01.02.2022","374,17","371,35","374,25","371,35","0,04K","0,76%"
"31.01.2022","371,35","364,20","365,60","364,20","0,05K","2,08%"
"28.01.2022","363,80","355,23","358,92","354,77","0,06K","1,66%"
"27.01.2022","357,85","360,80","362,80","357,70","0,23K","-0,65%"
"26.01.2022","360,20","364,05","367,27","359,65","0,21K","-0,33%"
"25.01.2022","361,40","360,88","362,70","357,65","0,39K","-1,01%"
"24.01.2022","365,10","359,98","365,10","351,73","0,28K","-0,35%"
"21.01.2022","366,40","371,65","371,73","368,10","0,10K","-1,68%"
"20.01.2022","372,65","377,30","379,92","373,27","0,13K","-0,70%"
"19.01.2022","375,27","378,73","380,13","378,73","0,01K","-0,58%"
"18.01.2022","377,48","379,23","379,23","378,80","0,03K","-1,76%"
"17.01.2022","384,23","384,23","384,23","384,23","-","0,00%"
"14.01.2022","384,23","384,67","384,67","381,88","0,06K","0,08%"
"13.01.2022","383,92","389,17","389,98","384,90","0,46K","-1,33%"
"12.01.2022","389,10","389,00","390,17","387,83","0,18K","0,59%"
"11.01.2022","386,80","383,65","386,65","382,85","0,01K","1,17%"
"10.01.2022","382,33","377,67","378,42","377,67","0,00K","-0,33%"
"07.01.2022","383,58","383,98","383,98","383,98","0,00K","-0,06%"
"06.01.2022","383,83","383,42","385,25","383,42","0,00K","-0,16%"
"05.01.2022","384,42","390,58","391,20","385,50","0,45K","-1,71%"
"04.01.2022","391,10","392,70","392,70","392,33","0,05K","0,04%"
"03.01.2022","390,92","390,92","390,92","390,92","-","0,52%"
"31.12.2021","388,90","388,90","388,90","388,90","-","-0,22%"
"30.12.2021","389,75","390,38","391,10","390,20","0,13K","-0,12%"
"29.12.2021","390,23","390,13","390,60","389,73","0,02K","0,04%"
"28.12.2021","390,05","391,35","391,90","390,73","0,01K","-0,13%"
"27.12.2021","390,55","386,27","390,45","386,27","0,03K","1,03%"
"23.12.2021","386,55","385,55","385,77","385,52","0,07K","0,65%"
"22.12.2021","384,05","382,42","382,42","382,42","0,00K","0,91%"
"21.12.2021","380,58","377,33","379,48","376,58","0,08K","1,71%"
"20.12.2021","374,17","373,48","374,42","372,45","0,10K","-1,14%"
"17.12.2021","378,48","378,48","378,48","378,48","-","-0,82%"
"16.12.2021","381,60","381,83","381,83","381,83","0,01K","-0,50%"
"15.12.2021","383,50","378,70","382,55","376,80","60,64K","1,32%"
"14.12.2021","378,50","379,77","379,77","377,20","1,93K","-0,66%"
"13.12.2021","381,00","385,20","385,35","381,38","0,15K","-1,03%"
"10.12.2021","384,95","384,55","384,55","384,55","0,00K","0,55%"
"09.12.2021","382,85","384,17","384,17","383,25","3,57K","-0,79%"
"08.12.2021","385,90","385,13","385,98","384,23","0,02K","0,35%"
"07.12.2021","384,55","382,15","385,02","382,15","0,25K","2,08%"
"06.12.2021","376,73","373,55","377,20","373,00","0,09K","1,01%"
"03.12.2021","372,95","376,00","378,00","371,00","0,01K","-0,80%"
"02.12.2021","375,98","373,70","377,33","371,83","0,01K","1,33%"
"01.12.2021","371,05","379,55","380,40","373,75","0,03K","-1,04%"
"30.11.2021","374,95","376,45","379,40","374,95","0,06K","-1,45%"
"29.11.2021","380,45","379,17","380,75","378,23","0,01K","0,90%"
"26.11.2021","377,05","377,73","378,55","376,23","0,04K","-2,34%"
"25.11.2021","386,10","387,50","387,50","386,60","0,01K","0,00%"
"24.11.2021","386,10","385,50","386,15","382,77","0,02K","-0,01%"
"23.11.2021","386,13","384,83","386,20","383,88","0,04K","0,01%"
"22.11.2021","386,10","388,88","389,83","386,83","0,01K","-0,53%"
"19.11.2021","388,15","388,27","388,27","388,27","0,00K","-0,38%"
"18.11.2021","389,65","389,23","389,95","387,65","0,06K","0,06%"
"17.11.2021","389,40","389,48","390,20","389,25","0,76K","-0,27%"
"16.11.2021","390,45","390,48","390,95","390,10","0,01K","0,22%"
"15.11.2021","389,60","390,88","390,88","389,48","0,04K","-0,10%"
"12.11.2021","390,00","388,23","390,08","388,17","0,01K","0,69%"
"11.11.2021","387,33","387,33","388,00","387,27","0,53K","0,32%"
"10.11.2021","386,08","388,08","389,45","385,63","0,04K","-0,89%"
"09.11.2021","389,52","389,52","389,52","389,52","-","-0,28%"
"08.11.2021","390,60","390,42","390,98","390,42","0,00K","0,21%"
"05.11.2021","389,77","390,38","390,38","390,23","0,00K","0,25%"
"04.11.2021","388,80","388,05","388,58","387,73","0,01K","0,17%"
"03.11.2021","388,15","385,45","388,25","385,30","0,01K","0,68%"
"02.11.2021","385,52","384,83","385,50","384,83","0,01K","0,02%"
"01.11.2021","385,45","385,30","385,30","384,00","0,01K","0,46%"
"29.10.2021","383,67","383,67","383,67","383,67","-","-0,18%"
"28.10.2021","384,38","383,80","383,92","383,80","0,01K","0,85%"
"27.10.2021","381,15","382,88","383,33","381,15","0,61K","-0,58%"
"26.10.2021","383,38","384,80","385,25","383,23","0,01K","0,11%"
"25.10.2021","382,95","381,73","383,08","381,63","0,01K","0,27%"
"22.10.2021","381,90","382,67","382,67","381,65","0,00K","0,01%"
"21.10.2021","381,85","380,48","380,48","380,48","0,00K","0,01%"
"20.10.2021","381,80","382,08","382,08","381,25","0,05K","0,33%"
"19.10.2021","380,55","379,40","380,27","379,08","0,04K","0,77%"
"18.10.2021","377,65","375,75","377,33","375,27","0,03K","0,09%"
"15.10.2021","377,30","376,42","377,30","376,42","0,00K","0,81%"
"14.10.2021","374,27","372,48","374,17","372,48","0,01K","1,36%"
"13.10.2021","369,25","368,60","369,00","368,60","0,02K","0,68%"
"12.10.2021","366,75","367,58","367,63","366,25","0,06K","-0,12%"
"11.10.2021","367,17","369,00","370,83","367,15","0,03K","-0,54%"
"08.10.2021","369,15","369,23","369,23","369,23","0,83K","-0,05%"
"07.10.2021","369,35","367,80","371,05","367,80","0,01K","0,98%"
"06.10.2021","365,75","360,70","365,77","360,50","0,39K","0,06%"
"05.10.2021","365,52","363,60","366,65","363,23","0,26K","0,90%"
"04.10.2021","362,25","364,77","365,27","361,50","0,08K","-1,17%"
"01.10.2021","366,52","364,58","366,92","363,67","0,10K","0,58%"
"30.09.2021","364,42","368,85","368,85","365,58","0,03K","-0,58%"
"29.09.2021","366,55","369,15","369,15","367,88","0,01K","-0,11%"
"28.09.2021","366,95","369,88","369,88","366,83","0,14K","-2,04%"
"27.09.2021","374,60","376,65","376,65","376,65","0,00K","-0,15%"
"24.09.2021","375,15","375,45","375,45","375,45","0,00K","-0,32%"
"23.09.2021","376,35","376,35","376,35","376,35","-","1,16%"
"22.09.2021","372,05","370,13","371,40","370,13","0,01K","0,79%"
"21.09.2021","369,13","370,08","370,08","370,08","0,02K","0,36%"
"20.09.2021","367,80","367,02","368,35","366,58","0,18K","-1,90%"
"17.09.2021","374,92","374,92","374,92","374,92","-","-0,86%"
"16.09.2021","378,17","378,17","378,17","378,17","-","-0,24%"
"15.09.2021","379,10","379,10","379,10","379,10","-","0,60%"
"14.09.2021","376,85","377,77","378,33","376,77","1,95K","-0,57%"
"13.09.2021","379,00","379,50","379,85","378,58","0,01K","0,35%"
"10.09.2021","377,67","381,38","381,38","381,38","0,00K","-0,55%"
"09.09.2021","379,77","380,13","380,50","380,13","0,00K","-0,29%"
"08.09.2021","380,88","380,45","380,45","380,45","1,26K","-0,52%"
"07.09.2021","382,85","382,85","382,85","382,85","-","-0,16%"
"06.09.2021","383,48","383,48","383,48","383,48","-","0,00%"
"03.09.2021","383,48","382,77","382,77","382,77","0,00K","0,23%"
"02.09.2021","382,60","382,60","382,60","382,60","-","0,26%"
"01.09.2021","381,60","382,02","382,17","381,58","0,01K","0,40%"
"31.08.2021","380,08","380,15","380,23","379,98","0,01K","0,07%"
"30.08.2021","379,83","378,83","378,83","378,83","0,00K","0,30%"
"27.08.2021","378,70","376,02","378,95","376,02","0,08K","0,95%"
"26.08.2021","375,15","376,98","376,98","376,00","0,01K","-0,66%"
"25.08.2021","377,65","377,52","377,52","376,75","0,01K","0,19%"
"24.08.2021","376,95","377,05","377,35","377,00","0,02K","0,48%"
"23.08.2021","375,15","372,70","374,83","372,70","0,09K","1,02%"
"20.08.2021","371,38","367,80","369,90","367,80","0,03K","0,63%"
"19.08.2021","369,05","367,45","369,08","366,00","0,52K","-0,50%"
"18.08.2021","370,90","373,60","374,00","372,40","0,01K","-0,75%"
"17.08.2021","373,70","374,95","374,95","372,40","0,05K","-0,88%"
"16.08.2021","377,02","375,50","376,65","374,60","0,05K","-0,17%"
"13.08.2021","377,67","377,10","377,67","377,10","0,01K","0,26%"
"12.08.2021","376,70","375,55","376,27","375,55","0,00K","0,04%"
"11.08.2021","376,55","376,80","376,80","375,88","0,01K","0,35%"
"10.08.2021","375,25","375,40","375,45","374,92","0,02K","0,09%"
"09.08.2021","374,90","374,70","374,75","374,60","0,01K","0,01%"
"06.08.2021","374,88","375,63","375,63","375,63","0,00K","-0,14%"
"05.08.2021","375,40","374,50","375,15","374,50","0,06K","0,43%"
"04.08.2021","373,77","374,90","374,90","373,92","0,01K","-0,19%"
"03.08.2021","374,50","372,08","372,20","372,05","0,03K","0,70%"
"02.08.2021","371,90","374,13","374,13","372,48","0,02K","0,09%"
"30.07.2021","371,58","371,38","372,05","371,35","0,05K","-0,59%"
"29.07.2021","373,77","374,20","374,40","373,73","0,06K","0,45%"
"28.07.2021","372,10","371,20","372,60","371,02","0,01K","0,51%"
"27.07.2021","370,20","370,17","370,17","369,40","0,00K","-0,63%"
"26.07.2021","372,55","371,95","372,20","371,90","0,04K","-0,09%"
"23.07.2021","372,90","372,05","372,08","372,05","0,00K","0,65%"
"22.07.2021","370,50","370,77","370,80","369,80","0,03K","0,18%"
"21.07.2021","369,85","369,85","369,85","369,85","-","1,00%"
"20.07.2021","366,20","363,98","367,08","363,40","0,03K","1,24%"
"19.07.2021","361,70","364,65","364,65","360,38","0,05K","-1,62%"
"16.07.2021","367,65","371,25","371,25","370,73","0,01K","-0,74%"
"15.07.2021","370,40","372,55","372,55","370,17","0,01K","-0,44%"
"14.07.2021","372,02","372,58","373,05","372,00","0,07K","0,13%"
"13.07.2021","371,52","373,25","373,25","372,48","0,05K","-0,35%"
"12.07.2021","372,83","370,77","372,27","370,77","0,00K","0,30%"
"09.07.2021","371,73","371,73","371,73","371,73","-","1,38%"
"08.07.2021","366,65","368,23","368,23","364,70","0,49K","-1,18%"
"07.07.2021","371,02","370,90","371,27","369,65","0,05K","0,28%"
"06.07.2021","369,98","370,30","370,30","368,92","0,03K","-0,45%"
"05.07.2021","371,65","371,33","371,33","371,33","0,00K","0,00%"
"02.07.2021","371,65","371,65","371,65","371,65","-","0,49%"
"01.07.2021","369,85","369,25","369,25","368,92","0,04K","0,28%"
"30.06.2021","368,80","368,80","368,80","368,80","-","-0,26%"
"29.06.2021","369,77","369,80","369,90","369,52","0,02K","0,05%"
"28.06.2021","369,60","369,63","369,63","368,70","0,02K","-0,05%"
"25.06.2021","369,77","369,08","369,52","369,08","0,03K","0,37%"
"24.06.2021","368,40","368,30","368,40","368,00","0,05K","0,76%"
"23.06.2021","365,63","365,52","366,92","365,52","0,11K","-0,17%"
"22.06.2021","366,25","364,70","366,38","364,70","0,01K","0,33%"
"21.06.2021","365,05","364,67","364,67","364,67","0,00K","1,06%"
"18.06.2021","361,22","361,22","361,22","361,22","-","-1,25%"
"17.06.2021","365,80","366,08","366,08","365,60","0,01K","-0,10%"
"16.06.2021","366,15","366,15","366,15","366,15","-","-0,58%"
"15.06.2021","368,27","368,63","368,63","368,10","0,76K","-0,22%"
"14.06.2021","369,10","368,05","368,38","367,95","2,43K","0,22%"
"11.06.2021","368,27","367,17","367,17","367,05","0,00K","0,13%"
"10.06.2021","367,80","367,80","367,80","367,80","-","0,48%"
"09.06.2021","366,02","366,70","366,80","366,00","0,00K","-0,21%"
"08.06.2021","366,80","366,70","366,70","365,60","0,26K","-0,07%"
"07.06.2021","367,05","366,25","366,25","366,25","0,00K","0,04%"
"04.06.2021","366,90","366,40","366,40","366,35","0,05K","0,89%"
"03.06.2021","363,65","364,20","364,20","362,50","0,03K","-0,53%"
"02.06.2021","365,60","364,92","365,70","364,92","0,02K","0,25%"
"01.06.2021","364,70","365,38","365,38","364,85","0,01K","0,30%"
"31.05.2021","363,63","363,40","363,40","363,40","0,00K","0,00%"
"28.05.2021","363,63","363,80","363,80","363,48","0,01K","0,12%"
"27.05.2021","363,17","361,88","362,88","361,85","0,02K","0,26%"
"26.05.2021","362,25","362,15","362,20","362,15","0,01K","0,20%"
"25.05.2021","361,52","363,00","363,00","361,48","0,04K","0,06%"
"24.05.2021","361,33","361,42","361,70","361,42","0,01K","0,84%"
"21.05.2021","358,30","358,30","358,30","358,30","-","-0,18%"
"20.05.2021","358,95","357,70","359,50","357,70","0,02K","1,17%"
"19.05.2021","354,80","352,17","353,80","351,00","0,02K","-0,53%"
"18.05.2021","356,70","358,92","358,92","358,92","0,00K","-0,15%"
"17.05.2021","357,25","357,25","357,25","357,25","-","-0,27%"
"14.05.2021","358,20","358,20","358,20","358,20","-","1,65%"
"13.05.2021","352,38","351,13","352,90","351,00","0,01K","0,87%"
"12.05.2021","349,35","355,52","355,58","349,88","0,09K","-2,02%"
"11.05.2021","356,55","356,00","356,00","353,45","0,09K","-0,89%"
"10.05.2021","359,75","362,55","362,55","360,00","0,02K","-1,01%"
"07.05.2021","363,42","360,88","363,40","360,88","0,03K","0,97%"
"06.05.2021","359,95","356,35","356,35","356,35","0,00K","0,69%"
"05.05.2021","357,50","357,73","358,08","357,63","0,04K","0,46%"
"04.05.2021","355,85","354,65","354,65","354,65","0,03K","-0,99%"
"03.05.2021","359,42","359,48","359,55","359,48","0,00K","0,45%"
"30.04.2021","357,80","358,15","358,15","358,15","0,02K","-1,02%"
"29.04.2021","361,50","361,23","361,35","359,30","0,05K","0,29%"
"28.04.2021","360,45","360,45","361,45","360,45","0,05K","0,08%"
"27.04.2021","360,15","360,17","360,30","359,45","0,01K","-0,03%"
"26.04.2021","360,27","359,27","360,35","359,27","0,04K","0,18%"
"23.04.2021","359,63","357,08","360,27","357,05","0,05K","1,12%"
"22.04.2021","355,65","358,27","358,27","355,00","0,03K","-0,61%"
"21.04.2021","357,85","355,40","357,75","355,40","0,03K","0,90%"
"20.04.2021","354,67","356,15","356,15","355,27","0,01K","-0,97%"
"19.04.2021","358,15","359,48","359,48","358,50","0,02K","-0,47%"
"16.04.2021","359,85","359,85","359,85","359,85","-","0,42%"
"15.04.2021","358,35","357,52","357,60","357,52","0,01K","1,01%"
"14.04.2021","354,75","356,55","356,55","356,55","0,00K","-0,19%"
"13.04.2021","355,42","354,73","354,73","354,73","0,01K","0,47%"
"12.04.2021","353,75","353,42","353,75","353,23","0,02K","-0,20%"
"09.04.2021","354,48","354,50","354,50","354,40","0,02K","0,38%"
"08.04.2021","353,13","352,58","353,20","352,55","0,02K","0,61%"
"07.04.2021","350,98","350,10","350,80","350,10","0,01K","-0,07%"
"06.04.2021","351,23","351,52","351,60","351,23","0,01K","-0,23%"
"05.04.2021","352,05","351,42","351,42","351,42","0,01K","1,24%"
"02.04.2021","347,73","347,73","347,73","347,73","-","0,00%"
"01.04.2021","347,73","346,35","347,08","346,35","0,04K","1,11%"
"31.03.2021","343,90","342,88","342,92","342,88","0,05K","0,47%"
"30.03.2021","342,30","341,42","341,42","341,42","0,00K","-0,24%"
"29.03.2021","343,13","342,52","342,55","342,52","0,02K","-0,26%"
"26.03.2021","344,02","340,73","340,73","340,73","0,00K","1,58%"
"25.03.2021","338,67","334,85","338,92","334,85","0,03K","0,47%"
"24.03.2021","337,10","340,42","340,42","337,55","0,01K","-0,77%"
"23.03.2021","339,73","340,90","342,30","340,90","0,07K","-1,11%"
"22.03.2021","343,55","342,10","343,45","341,75","0,11K","0,48%"
"19.03.2021","341,90","341,90","341,90","341,90","-","0,09%"
"18.03.2021","341,60","345,00","345,00","345,00","0,00K","-1,34%"
"17.03.2021","346,25","343,00","343,00","343,00","0,01K","0,23%"
"16.03.2021","345,45","346,27","346,35","345,70","0,02K","0,00%"
"15.03.2021","345,45","343,65","343,65","343,40","3,67K","0,49%"
"12.03.2021","343,77","342,60","342,60","341,50","0,01K","-0,12%"
"11.03.2021","344,17","342,55","344,38","342,55","0,05K","1,30%"
"10.03.2021","339,75","340,38","340,38","338,50","0,05K","0,38%"
"09.03.2021","338,45","336,50","339,00","336,50","0,17K","1,61%"
"08.03.2021","333,10","335,88","337,10","334,15","0,09K","-0,85%"
"05.03.2021","335,95","331,60","331,60","331,60","0,00K","1,50%"
"04.03.2021","331,00","335,60","335,65","328,52","0,09K","-1,52%"
"03.03.2021","336,10","337,20","339,45","337,17","0,01K","-1,10%"
"02.03.2021","339,85","340,45","340,55","340,02","0,02K","-0,61%"
"01.03.2021","341,92","339,20","340,88","339,20","0,06K","2,19%"
"26.02.2021","334,60","337,00","337,00","335,85","0,03K","-0,79%"
"25.02.2021","337,25","343,27","343,27","337,05","0,01K","-2,22%"
"24.02.2021","344,90","340,48","341,73","340,48","0,03K","0,60%"
"23.02.2021","342,85","340,17","343,13","340,17","0,00K","0,16%"
"22.02.2021","342,30","343,58","343,58","343,58","0,00K","-1,03%"
"19.02.2021","345,88","345,88","345,88","345,88","-","0,15%"
"18.02.2021","345,35","342,88","345,63","342,83","0,02K","-0,60%"
"17.02.2021","347,45","347,45","347,58","345,27","0,15K","-0,27%"
"16.02.2021","348,40","350,10","350,10","348,38","0,01K","0,19%"
"15.02.2021","347,75","350,52","350,52","350,40","0,00K","0,00%"
"12.02.2021","347,75","345,15","345,15","345,15","0,03K","0,48%"
"11.02.2021","346,08","345,60","345,60","344,92","0,03K","0,49%"
"10.02.2021","344,40","346,42","346,42","343,00","0,01K","-0,04%"
"09.02.2021","344,55","343,90","344,73","343,77","0,04K","0,30%"
"08.02.2021","343,52","343,50","343,60","343,35","0,02K","0,61%"
"05.02.2021","341,45","341,00","341,42","340,92","0,06K","0,63%"
"04.02.2021","339,30","337,08","337,92","337,00","0,01K","0,59%"
"03.02.2021","337,30","337,92","337,92","336,52","0,04K","0,19%"
"02.02.2021","336,65","335,08","336,25","334,85","0,01K","1,31%"
"01.02.2021","332,30","329,38","332,13","329,38","0,03K","1,70%"
"29.01.2021","326,75","329,55","329,70","328,00","0,10K","-2,02%"
"28.01.2021","333,48","329,42","333,50","329,42","0,04K","1,01%"
"27.01.2021","330,15","332,27","333,85","332,27","0,06K","-2,60%"
"26.01.2021","338,95","339,67","339,67","339,05","0,01K","-0,24%"
"25.01.2021","339,75","339,42","339,83","337,02","0,14K","0,21%"
"22.01.2021","339,05","339,05","339,05","339,05","-","-0,44%"
"21.01.2021","340,55","340,08","340,50","339,83","0,05K","0,09%"
"20.01.2021","340,25","338,25","339,70","338,25","0,07K","1,30%"
"19.01.2021","335,90","336,15","336,15","334,98","0,09K","0,87%"
"18.01.2021","333,00","332,77","333,40","332,77","0,04K","0,00%"
"15.01.2021","333,00","335,00","335,00","334,48","0,03K","-1,07%"
"14.01.2021","336,60","337,30","337,90","337,30","0,04K","0,12%"
"13.01.2021","336,20","336,13","336,13","336,13","0,02K","0,06%"
"12.01.2021","336,00","334,95","335,58","334,00","0,03K","0,40%"
"11.01.2021","334,67","334,65","334,65","334,65","0,03K","-0,90%"
"08.01.2021","337,70","336,90","336,98","336,90","0,05K","0,88%"
"07.01.2021","334,75","334,75","334,75","334,75","0,06K","1,12%"
"06.01.2021","331,05","330,92","333,52","330,80","0,16K","0,54%"
"05.01.2021","329,27","326,67","329,33","326,67","0,05K","1,04%"
"04.01.2021","325,90","330,13","330,13","325,00","0,01K","-0,65%"
"31.12.2020","328,02","327,23","327,80","327,17","0,08K","0,10%"
"30.12.2020","327,70","328,10","328,10","328,10","0,00K","0,32%"
"29.12.2020","326,65","327,95","328,35","327,17","0,01K","0,23%"
"28.12.2020","325,90","325,90","325,90","325,90","-","0,62%"
"24.12.2020","323,90","323,90","323,90","323,90","-","0,08%"
"23.12.2020","323,63","323,63","323,63","323,63","-","0,50%"
"22.12.2020","322,00","322,05","322,05","321,35","0,02K","-0,16%"
"21.12.2020","322,50","320,33","322,10","318,70","3,55K","-0,70%"
"18.12.2020","324,77","324,77","324,77","324,77","-","-0,32%"
"17.12.2020","325,80","325,80","325,80","325,80","-","0,66%"
"16.12.2020","323,65","323,65","323,65","323,65","-","0,31%"
"15.12.2020","322,65","322,65","322,65","322,65","-","1,10%"
"14.12.2020","319,15","322,38","322,38","321,80","4,69K","-0,15%"
"11.12.2020","319,63","319,63","319,63","319,63","-","-0,34%"
"10.12.2020","320,70","320,20","320,20","319,88","0,01K","0,25%"
"09.12.2020","319,90","323,30","323,30","319,90","0,01K","-0,64%"
"08.12.2020","321,98","320,50","320,50","320,50","0,02K","0,33%"
"07.12.2020","320,90","320,88","321,40","320,88","0,02K","-0,23%"
"04.12.2020","321,63","320,73","320,73","320,73","0,03K","0,97%"
"03.12.2020","318,55","318,48","319,85","317,77","0,10K","0,18%"
"02.12.2020","317,98","316,48","317,35","316,13","0,11K","0,06%"
"01.12.2020","317,80","317,10","318,00","317,02","0,21K","1,56%"
"30.11.2020","312,92","315,52","315,75","312,85","0,11K","-1,18%"
"27.11.2020","316,65","316,65","316,65","316,65","-","0,48%"
"26.11.2020","315,13","315,13","315,13","315,13","-","0,00%"
"25.11.2020","315,13","314,50","315,08","314,50","0,03K","-0,12%"
"24.11.2020","315,50","313,17","315,17","312,77","0,05K","1,54%"
"23.11.2020","310,70","311,90","311,90","310,13","0,03K","0,37%"
"20.11.2020","309,55","310,23","310,23","310,23","0,02K","-0,21%"
"19.11.2020","310,20","307,50","308,98","307,23","0,09K","0,46%"
"18.11.2020","308,77","310,75","311,90","310,75","0,03K","-0,72%"
"17.11.2020","311,00","309,48","310,83","309,48","0,00K","-0,17%"
"16.11.2020","311,52","311,35","311,35","310,15","0,04K","1,08%"
"13.11.2020","308,20","308,20","308,20","308,20","-","1,41%"
"12.11.2020","303,90","306,30","306,30","303,75","0,15K","-1,07%"
"11.11.2020","307,20","307,13","307,30","306,27","0,11K","0,83%"
"10.11.2020","304,67","303,52","305,30","303,10","0,16K","-0,04%"
"09.11.2020","304,80","312,85","313,45","308,63","0,11K","1,43%"
"06.11.2020","300,50","300,50","300,50","300,50","-","0,02%"
"05.11.2020","300,45","300,20","300,73","299,05","0,07K","2,17%"
"04.11.2020","294,08","294,63","295,52","294,00","0,08K","2,00%"
"03.11.2020","288,30","288,60","288,60","288,45","0,01K","1,98%"
"02.11.2020","282,70","282,70","283,25","281,23","0,22K","1,16%"
"30.10.2020","279,45","280,33","280,33","280,23","0,05K","-1,22%"
"29.10.2020","282,90","280,50","282,23","280,50","0,04K","1,03%"
"28.10.2020","280,02","284,05","284,05","280,83","0,09K","-3,22%"
"27.10.2020","289,35","289,80","290,25","289,30","0,01K","-0,26%"
"26.10.2020","290,10","289,88","289,88","289,88","0,00K","-1,76%"
"23.10.2020","295,30","295,30","295,30","295,30","-","0,43%"
"22.10.2020","294,05","291,98","291,98","291,60","0,01K","0,29%"
"21.10.2020","293,20","295,20","295,20","295,10","0,01K","-0,30%"
"20.10.2020","294,08","294,70","294,70","293,95","0,00K","0,59%"
"19.10.2020","292,35","296,25","296,65","295,30","0,01K","-1,12%"
"16.10.2020","295,67","295,67","295,67","295,67","-","0,19%"
"15.10.2020","295,10","293,52","293,70","292,52","0,02K","-0,52%"
"14.10.2020","296,65","298,20","298,55","298,20","0,01K","-0,55%"
"13.10.2020","298,30","298,45","298,75","298,23","0,08K","-0,67%"
"12.10.2020","300,30","298,38","300,85","298,30","0,13K","1,26%"
"09.10.2020","296,58","296,20","296,20","296,17","0,05K","0,82%"
"08.10.2020","294,17","294,17","294,17","294,17","-","0,76%"
"07.10.2020","291,95","291,95","291,95","291,95","-","1,38%"
"06.10.2020","287,98","288,45","289,50","288,45","0,10K","-1,03%"
"05.10.2020","290,98","290,98","290,98","290,98","-","1,64%"
"02.10.2020","286,27","284,65","286,83","283,38","0,20K","-0,75%"
"01.10.2020","288,42","288,30","288,60","287,85","0,10K","0,61%"
"30.09.2020","286,67","286,67","286,67","286,67","-","0,55%"
"29.09.2020","285,10","285,23","285,23","285,23","0,03K","-0,21%"
"28.09.2020","285,70","285,73","285,73","285,73","0,03K","1,44%"
"25.09.2020","281,65","281,65","281,65","281,65","-","1,14%"
"24.09.2020","278,48","278,48","278,48","278,48","-","0,06%"
"23.09.2020","278,30","278,30","278,30","278,30","-","-1,89%"
"22.09.2020","283,67","283,67","283,67","283,67","-","0,55%"
"21.09.2020","282,13","280,85","280,85","279,80","0,06K","-1,66%"
"18.09.2020","286,89","286,89","286,89","286,89","-","-0,61%"
"17.09.2020","288,65","286,65","286,70","286,65","0,72K","-0,59%"
"16.09.2020","290,38","290,38","290,38","290,38","-","-0,36%"
"15.09.2020","291,42","291,42","291,42","291,42","-","0,69%"
"14.09.2020","289,42","289,42","289,42","289,42","-","1,20%"
"11.09.2020","286,00","286,00","286,00","286,00","-","0,39%"
"10.09.2020","284,90","284,90","284,90","284,90","-","-1,49%"
"09.09.2020","289,20","287,08","288,77","287,08","0,07K","1,96%"
"08.09.2020","283,65","288,50","288,50","283,63","0,16K","-2,34%"
"07.09.2020","290,45","290,45","290,45","290,45","-","0,00%"
"04.09.2020","290,45","286,17","286,17","286,17","0,03K","-0,44%"
"03.09.2020","291,73","292,38","292,38","292,38","0,03K","-3,07%"
"02.09.2020","300,95","298,67","298,67","298,67","0,04K","1,21%"
"01.09.2020","297,35","295,58","295,80","295,58","0,08K","0,59%"
"31.08.2020","295,60","295,52","295,77","295,38","0,06K","-0,39%"
"28.08.2020","296,75","295,80","295,80","295,65","0,07K","0,71%"
"27.08.2020","294,65","295,13","295,13","295,10","0,05K","-0,21%"
"26.08.2020","295,27","295,27","295,27","295,27","-","0,85%"
"25.08.2020","292,80","291,92","291,92","291,90","0,05K","0,41%"
"24.08.2020","291,60","291,23","291,23","291,23","0,03K","0,99%"
"21.08.2020","288,75","287,33","288,15","287,25","0,25K","0,09%"
"20.08.2020","288,50","286,13","286,13","285,75","0,07K","0,10%"
"19.08.2020","288,23","288,23","288,23","288,23","-","-0,50%"
"18.08.2020","289,67","289,67","289,67","289,67","-","0,13%"
"17.08.2020","289,30","289,30","289,30","289,30","-","0,67%"
"14.08.2020","287,38","287,38","287,38","287,38","-","-0,21%"
"13.08.2020","287,98","287,98","287,98","287,98","-","-0,25%"
"12.08.2020","288,70","288,70","288,70","288,70","-","1,64%"
"11.08.2020","284,05","284,05","284,05","284,05","-","-0,41%"
"10.08.2020","285,23","285,23","285,23","285,23","-","0,29%"
"07.08.2020","284,40","284,40","284,40","284,40","-","-0,43%"
"06.08.2020","285,63","285,63","285,63","285,63","-","0,38%"
"05.08.2020","284,55","284,55","284,55","284,55","-","0,71%"
"04.08.2020","282,55","282,55","282,55","282,55","-","0,48%"
"03.08.2020","281,20","281,20","281,20","281,20","-","1,11%"
"31.07.2020","278,10","279,30","279,30","275,70","0,18K","-0,30%"
"30.07.2020","278,95","275,80","275,80","275,80","0,03K","-0,69%"
"29.07.2020","280,90","278,80","279,17","278,80","0,08K","1,23%"
"28.07.2020","277,50","277,50","277,50","277,50","-","-0,64%"
"27.07.2020","279,30","277,77","277,77","277,30","0,13K","1,06%"
"24.07.2020","276,38","276,17","276,17","275,33","0,05K","-0,58%"
"23.07.2020","278,00","278,00","278,00","278,00","-","-1,09%"
"22.07.2020","281,05","280,08","280,08","280,08","0,05K","0,39%"
"21.07.2020","279,95","279,95","279,95","279,95","-","0,20%"
"20.07.2020","279,40","277,38","277,38","276,52","0,06K","0,90%"
"17.07.2020","276,90","276,90","276,90","276,90","-","0,45%"
"16.07.2020","275,65","275,25","275,25","275,02","0,07K","-0,60%"
"15.07.2020","277,30","277,00","277,02","277,00","0,05K","0,91%"
"14.07.2020","274,80","271,02","273,23","271,02","0,05K","1,19%"
"13.07.2020","271,58","271,58","271,58","271,58","-","-0,85%"
"10.07.2020","273,90","271,45","271,45","271,35","0,03K","0,86%"
"09.07.2020","271,58","273,70","273,70","270,60","0,03K","-0,58%"
"08.07.2020","273,15","273,15","273,15","273,15","-","1,06%"
"07.07.2020","270,27","272,30","272,30","272,27","0,00K","-1,22%"
"06.07.2020","273,60","272,65","273,48","272,65","0,16K","1,91%"
"03.07.2020","268,48","268,48","268,48","268,48","-","0,00%"
"02.07.2020","268,48","268,48","268,48","268,48","-","0,89%"
"01.07.2020","266,10","264,85","265,90","264,85","0,06K","0,55%"
"30.06.2020","264,65","261,77","264,60","261,77","0,05K","0,93%"
"29.06.2020","262,20","261,75","261,88","261,15","0,06K","1,02%"
"26.06.2020","259,55","262,65","263,00","259,73","0,67K","-1,97%"
"25.06.2020","264,77","264,77","264,77","264,77","-","1,14%"
"24.06.2020","261,80","261,80","261,80","261,80","-","-2,45%"
"23.06.2020","268,38","269,92","269,92","269,38","0,11K","0,52%"
"22.06.2020","266,98","264,83","265,40","264,83","0,07K","0,57%"
"19.06.2020","265,46","265,46","265,46","265,46","-","-0,07%"
"18.06.2020","265,65","267,25","267,25","265,50","1,00K","-0,15%"
"17.06.2020","266,05","266,02","267,40","265,85","0,16K","0,13%"
"16.06.2020","265,70","265,50","267,80","265,50","0,22K","1,55%"
"15.06.2020","261,65","261,65","261,65","261,65","-","0,46%"
"12.06.2020","260,45","260,45","260,45","260,45","-","1,54%"
"11.06.2020","256,50","256,50","256,50","256,50","-","-5,65%"
"10.06.2020","271,85","271,85","271,85","271,85","-","-0,27%"
"09.06.2020","272,58","272,58","272,58","272,58","-","-0,79%"
"08.06.2020","274,75","274,75","274,75","274,75","-","1,11%"
"05.06.2020","271,73","271,73","271,73","271,73","-","2,33%"
"04.06.2020","265,55","265,27","265,27","265,15","0,10K","-0,53%"
"03.06.2020","266,98","266,98","266,98","266,98","-","1,74%"
"02.06.2020","262,40","262,40","262,40","262,40","-","1,04%"
"01.06.2020","259,70","259,70","259,70","259,70","-","1,20%"
"29.05.2020","256,63","255,30","256,92","254,23","0,11K","0,30%"
"28.05.2020","255,85","255,85","255,85","255,85","-","0,14%"
"27.05.2020","255,50","253,38","253,38","253,27","0,05K","1,29%"
"26.05.2020","252,25","252,25","252,25","252,25","-","1,80%"
"25.05.2020","247,80","247,80","247,80","247,80","-","0,00%"
"22.05.2020","247,80","247,80","247,80","247,80","-","-0,17%"
"21.05.2020","248,23","248,23","248,23","248,23","-","-0,89%"
"20.05.2020","250,45","250,45","250,45","250,45","-","1,67%"
"19.05.2020","246,32","246,32","246,32","246,32","-","-1,03%"
"18.05.2020","248,90","246,50","246,50","246,48","0,04K","3,48%"
"15.05.2020","240,52","239,15","239,65","239,10","0,03K","0,22%"
"14.05.2020","240,00","236,65","236,65","236,65","0,00K","0,31%"
"13.05.2020","239,25","239,25","239,25","239,25","-","-1,44%"
"12.05.2020","242,75","242,75","242,75","242,75","-","-1,50%"
"11.05.2020","246,45","245,10","245,10","245,10","0,03K","0,01%"
"08.05.2020","246,43","244,88","244,88","244,88","0,03K","1,77%"
"07.05.2020","242,15","242,77","242,77","242,77","0,00K","1,19%"
"06.05.2020","239,30","241,82","241,82","240,02","0,06K","-0,63%"
"05.05.2020","240,82","240,82","240,82","240,82","-","0,81%"
"04.05.2020","238,90","236,88","236,95","236,88","0,04K","0,41%"
"01.05.2020","237,93","239,98","239,98","237,95","0,05K","-2,84%"
"30.04.2020","244,88","244,88","244,88","244,88","-","-1,40%"
"29.04.2020","248,35","246,15","248,52","246,15","0,05K","2,74%"
"28.04.2020","241,73","241,73","241,73","241,73","-","-0,05%"
"27.04.2020","241,85","240,32","240,32","240,32","0,03K","1,60%"
"24.04.2020","238,05","238,05","238,05","238,05","-","1,03%"
"23.04.2020","235,63","238,23","238,23","238,23","0,03K","-0,06%"
"22.04.2020","235,77","236,60","236,60","236,60","0,03K","2,01%"
"21.04.2020","231,13","232,90","233,15","230,85","0,10K","-2,64%"
"20.04.2020","237,40","238,18","238,75","238,18","0,05K","-1,47%"
"17.04.2020","240,95","240,15","240,77","240,15","0,37K","2,55%"
"16.04.2020","234,95","235,07","235,10","235,07","0,05K","0,44%"
"15.04.2020","233,93","233,93","233,93","233,93","-","-2,53%"
"14.04.2020","240,00","240,00","240,00","240,00","-","2,49%"
"13.04.2020","234,18","234,18","234,18","234,18","-","-0,62%"
"09.04.2020","235,63","235,63","235,63","235,63","-","1,49%"
"08.04.2020","232,18","232,18","232,18","232,18","-","2,18%"
"07.04.2020","227,23","227,23","227,23","227,23","-","0,32%"
"06.04.2020","226,50","226,50","226,50","226,50","-","6,44%"
"03.04.2020","212,80","212,80","212,80","212,80","-","-1,89%"
"02.04.2020","216,90","216,90","216,90","216,90","-","2,21%"
"01.04.2020","212,20","212,20","212,20","212,20","-","-4,53%"
"31.03.2020","222,27","222,27","222,27","222,27","-","-0,84%"
"30.03.2020","224,15","224,15","224,15","224,15","-","2,64%"
"27.03.2020","218,38","218,38","218,38","218,38","-","-3,43%"
"26.03.2020","226,13","226,13","226,13","226,13","-","5,33%"
"25.03.2020","214,68","214,68","214,68","214,68","-","2,72%"
"24.03.2020","209,00","209,07","209,55","208,50","0,03K","8,14%"
"23.03.2020","193,27","193,27","193,27","193,27","-","-2,89%"
"20.03.2020","199,03","199,03","199,03","199,03","-","-1,59%"
"19.03.2020","202,25","202,25","202,25","202,25","-","0,84%"
"18.03.2020","200,57","196,57","196,57","196,57","0,04K","-5,81%"
"17.03.2020","212,95","212,95","212,95","212,95","-","5,11%"
"16.03.2020","202,60","202,60","202,60","202,60","-","-11,24%"
"13.03.2020","228,25","228,25","228,25","228,25","-","7,20%"
"12.03.2020","212,93","219,00","219,15","217,10","0,09K","-9,68%"
"11.03.2020","235,75","235,75","235,75","235,75","-","-4,76%"
"10.03.2020","247,52","238,77","238,80","238,00","0,06K","4,20%"
"09.03.2020","237,55","240,25","243,70","239,77","0,30K","-7,60%"
"06.03.2020","257,10","254,95","257,63","254,95","0,16K","-1,81%"
"05.03.2020","261,85","263,27","264,17","261,55","0,15K","-2,86%"
"04.03.2020","269,55","269,55","269,55","269,55","-","3,50%"
"03.03.2020","260,42","266,67","268,45","264,75","0,05K","-1,77%"
"02.03.2020","265,13","256,55","265,08","256,55","0,09K","3,14%"
"28.02.2020","257,05","252,10","254,40","250,82","0,13K","-1,03%"
"27.02.2020","259,73","263,65","264,52","259,33","0,10K","-3,63%"
"26.02.2020","269,50","269,50","269,50","269,50","-","-0,18%"
"25.02.2020","269,98","272,98","272,98","272,98","0,03K","-2,33%"
"24.02.2020","276,42","276,52","277,75","276,52","0,05K","-3,47%"
"21.02.2020","286,35","286,35","286,35","286,35","-","-0,84%"
"20.02.2020","288,77","286,63","286,63","286,63","0,03K","-0,60%"
"19.02.2020","290,52","290,52","290,52","290,52","-","0,53%"
"18.02.2020","289,00","289,00","289,00","289,00","-","-0,41%"
"17.02.2020","290,20","290,20","290,20","290,20","-","0,00%"
"14.02.2020","290,20","290,20","290,20","290,20","-","0,09%"
"13.02.2020","289,92","289,92","289,92","289,92","-","-0,45%"
"12.02.2020","291,25","290,60","291,02","290,55","0,03K","0,67%"
"11.02.2020","289,33","289,60","290,17","289,60","0,05K","0,47%"
"10.02.2020","287,98","287,98","287,98","287,98","-","0,52%"
"07.02.2020","286,48","286,48","286,48","286,48","-","-0,74%"
"06.02.2020","288,63","288,63","288,63","288,63","-","0,34%"
"05.02.2020","287,65","288,13","288,13","287,15","0,08K","0,89%"
"04.02.2020","285,13","285,13","285,13","285,13","-","1,66%"
"03.02.2020","280,48","280,48","280,48","280,48","-","0,57%"
"31.01.2020","278,88","281,98","281,98","281,98","0,03K","-1,76%"
"30.01.2020","283,88","282,00","282,00","281,35","0,10K","0,05%"
"29.01.2020","283,73","283,73","283,73","283,73","-","-0,03%"
"28.01.2020","283,80","282,40","282,40","282,40","0,03K","0,98%"
"27.01.2020","281,05","281,42","281,42","281,27","0,05K","-1,90%"
"24.01.2020","286,50","286,50","286,50","286,50","-","-0,77%"
"23.01.2020","288,73","287,48","288,38","287,27","0,06K","-0,10%"
"22.01.2020","289,02","289,02","289,02","289,02","-","0,19%"
"21.01.2020","288,48","288,90","288,90","288,90","0,03K","-0,68%"
"20.01.2020","290,45","290,45","290,45","290,45","-","0,00%"
"17.01.2020","290,45","290,45","290,45","290,45","-","0,35%"
"16.01.2020","289,45","288,63","288,75","288,63","0,08K","0,71%"
"15.01.2020","287,40","287,40","287,40","287,40","-","-0,01%"
"14.01.2020","287,42","287,75","287,75","287,75","0,03K","-0,10%"
"13.01.2020","287,73","287,73","287,73","287,73","-","0,76%"
"10.01.2020","285,55","286,80","286,80","286,77","0,05K","-0,27%"
"09.01.2020","286,33","286,00","286,13","285,88","0,05K","0,61%"
"08.01.2020","284,60","283,73","283,73","283,67","0,01K","0,44%"
"07.01.2020","283,35","283,52","283,92","283,13","0,03K","-0,26%"
"06.01.2020","284,10","283,35","283,35","283,35","0,00K","0,23%"