"DateTime","Binance","Bitget","Gate.io"
"2020-02-09 00:00:00",0.002403598519839355,,0.0011933339260488524
"2020-02-10 00:00:00",0.0004454603613938091,,0.0024256255932785767
"2020-02-11 00:00:00",-0.0005062203081409992,,0.0005898873674696756
"2020-02-12 00:00:00",0.00291252983788661,,0.001416883241890398
"2020-02-13 00:00:00",-0.00005473349343618157,,0.001581991436569102
"2020-02-14 00:00:00",0.000002190974902309289,,0.0008175754592225162
"2020-02-15 00:00:00",0.0013051343375830274,,0.002587180004031453
"2020-02-16 00:00:00",0.00025108305477748147,,0.002154409337774264
"2020-02-17 00:00:00",-0.0008246389508405136,,0.002338518594828549
"2020-02-18 00:00:00",-0.0014823963341338462,,0.000705228315211548
"2020-02-19 00:00:00",-0.0004926004929861306,,0.0017092419522325157
"2020-02-20 00:00:00",-0.0010119124840947571,,-0.0006322072142329732
"2020-02-21 00:00:00",-0.0019481600331793846,,0.00045882437852503194
"2020-02-22 00:00:00",-0.0010719602142469468,,0.00029971681928105543
"2020-02-23 00:00:00",-0.0013896626141416484,,0.00012213434778249527
"2020-02-24 00:00:00",0.0010459135825768785,,0.001193194144567534
"2020-02-25 00:00:00",-0.0018219197493002123,,0.0011680643505048854
"2020-02-26 00:00:00",-0.0008891356996323134,,0.0003045454545454876
"2020-02-27 00:00:00",-0.0005452342811584582,,0.0007606861000866832
"2020-02-28 00:00:00",-0.0011397876785352158,,0.000495072145617517
"2020-02-29 00:00:00",0.0002974064043697094,,0.0016661996170193403
"2020-03-01 00:00:00",-0.00012181945688278144,,0.0015631023726911763
"2020-03-02 00:00:00",-0.0005726046058733313,,-0.0006018414551988078
"2020-03-03 00:00:00",-0.00046616783163247157,,0.0008824668078613559
"2020-03-04 00:00:00",-0.0008365866112804069,,0.00005709065996802923
"2020-03-05 00:00:00",-0.006025744498456857,,0.00017649329877010244
"2020-03-06 00:00:00",0.000020064383395262986,,-0.00013659560052889816
"2020-03-07 00:00:00",-0.0027525500584494964,,0.0011586392724822845
"2020-03-08 00:00:00",-0.005652931572316013,,0.0009173285602416513
"2020-03-09 00:00:00",-0.0016571010160512762,,0.00042569805665037223
"2020-03-10 00:00:00",-0.0010695811749633145,,0.005055443548387083
"2020-03-11 00:00:00",-0.00024119317260672541,,-0.0007790439693422842
"2020-03-12 00:00:00",0.023370230049310856,,-0.027997396398351044
"2020-03-13 00:00:00",-0.0014443076123432767,,-0.008111976807392722
"2020-03-14 00:00:00",-0.013254320617013038,,0.0023458432120896846
"2020-03-15 00:00:00",-0.0014891421702210824,,0.00010420155558027069
"2020-03-16 00:00:00",0.0016415093351006527,,-0.0032898696088264063
"2020-03-17 00:00:00",-0.0022078709952219043,,-0.0020607876870711154
"2020-03-18 00:00:00",-0.004335804978179754,,-0.0016256395047081497
"2020-03-19 00:00:00",-0.002238046550510361,,-0.000032291397571804376
"2020-03-20 00:00:00",-0.001443477435422606,,-0.00023367874812651174
"2020-03-21 00:00:00",-0.0030201962982920067,,-0.0023982806623358364
"2020-03-22 00:00:00",0.0013051197230141132,,0.00035971223021588963
"2020-03-23 00:00:00",-0.003013379053738254,,-0.0026666666666667004
"2020-03-24 00:00:00",-0.0011156651806213714,,-0.001172621074606546
"2020-03-25 00:00:00",-0.0021634464757149564,,-0.0015701800253978065
"2020-03-26 00:00:00",0.004089220886209028,,-0.0019172358614966884
"2020-03-27 00:00:00",0.0023320338745965955,,-0.0010002366490496262
"2020-03-28 00:00:00",-0.005463172251707189,,-0.0009471545365822557
"2020-03-29 00:00:00",-0.0005116759675404248,,-0.0009907361932020872
"2020-03-30 00:00:00",0.0025034876622806014,,-0.001138824409166742
"2020-03-31 00:00:00",-0.0032594910709348823,,-0.00141584943195073
"2020-04-01 00:00:00",-0.00037948914304654466,,-0.0014372842172505633
"2020-04-02 00:00:00",-0.003296404097008772,,-0.0010204382575869397
"2020-04-03 00:00:00",-0.0019182406196982852,,-0.000380425898681808
"2020-04-04 00:00:00",-0.003395862720917723,,0.0004920013391751263
"2020-04-05 00:00:00",-0.0032894690405584795,,-0.0009011927551170506
"2020-04-06 00:00:00",-0.00380211366144699,,-0.0007881475785746888
"2020-04-07 00:00:00",-0.002253976825641516,,0.0003584926634059481
"2020-04-08 00:00:00",-0.0030404802322527703,,-0.0007128378837966359
"2020-04-09 00:00:00",-0.0017139079611064672,,-0.0005019680989672424
"2020-04-10 00:00:00",-0.0010252540188780289,,-0.0002114164904862314
"2020-04-11 00:00:00",-0.0010203923924288732,,-0.0013168604651163371
"2020-04-12 00:00:00",-0.00165861367965584,,-0.0007233945216445775
"2020-04-13 00:00:00",-0.00018132090881003318,,-0.0009501603031186879
"2020-04-14 00:00:00",-0.0015914075311941392,,-0.0008056878942843868
"2020-04-15 00:00:00",-0.002537071047995733,,0.00011310511235107827
"2020-04-16 00:00:00",-0.005460510155402475,,0.00003518698363101522
"2020-04-17 00:00:00",-0.0050951089202425715,,-0.00035226772346977505
"2020-04-18 00:00:00",-0.002300720128826348,,-0.0008206896551723887
"2020-04-19 00:00:00",-0.001368791597280753,,-0.0008064403023800508
"2020-04-20 00:00:00",-0.04568182236225172,,-0.00027751000496591534
"2020-04-21 00:00:00",-0.0030459209604221348,,-0.0011880754055240419
"2020-04-22 00:00:00",-0.002526396712248657,,-0.00028932584269668543
"2020-04-23 00:00:00",-0.01327449983589544,,0.0006205697472247449
"2020-04-24 00:00:00",-0.0012703946053159807,,-0.00027579774831786144
"2020-04-25 00:00:00",-0.0013958708019801787,,-0.0006429887708971833
"2020-04-26 00:00:00",-0.0021400918741699857,,-0.00037600832682804157
"2020-04-27 00:00:00",0.0005195500984664662,,-0.00038808003186876307
"2020-04-28 00:00:00",-0.0007002873771746546,,-0.0008753411255857296
"2020-04-29 00:00:00",0.0009445495279675775,,0.0002881483337510142
"2020-04-30 00:00:00",0.0002350697446654798,,-0.00018086956521733225
"2020-05-01 00:00:00",0.00023898882589888846,,-0.00010293535433514558
"2020-05-02 00:00:00",-0.0008628977577728403,,-0.0001368689285276646
"2020-05-03 00:00:00",0.0003586942064726329,,0.00018182022244907141
"2020-05-04 00:00:00",-0.0020087180435337973,,0.0006419481045104024
"2020-05-05 00:00:00",-0.00016681726563718625,,-0.0005044487255151764
"2020-05-06 00:00:00",-0.0014258933026410755,,-0.0009890940503185243
"2020-05-07 00:00:00",-0.0011465236722549889,,0.0003216939226739003
"2020-05-08 00:00:00",0.0020044959602156516,,-0.0004975073761317955
"2020-05-09 00:00:00",0.0026426852695730293,,0.0005445006479661309
"2020-05-10 00:00:00",-0.00042716181722685396,,-0.00035352264146627755
"2020-05-11 00:00:00",-0.0034832190240992834,,0.0003738425925925421
"2020-05-12 00:00:00",-0.0017435312622307844,,-0.00029680001819470334
"2020-05-13 00:00:00",-0.002271166737649736,,-0.0012757763841528978
"2020-05-14 00:00:00",-0.0015641215272309095,,-0.000624680503016111
"2020-05-15 00:00:00",0.0020757698912052913,,0.0003517403595088818
"2020-05-16 00:00:00",-0.0004616038143497251,,0.0007104133604575694
"2020-05-17 00:00:00",-0.0010090047328655419,,-0.00007754983869633551
"2020-05-18 00:00:00",-0.0019503277436669984,,-0.00022803611599038183
"2020-05-19 00:00:00",-0.0023890326536813544,,-0.00033930969441620183
"2020-05-20 00:00:00",-0.0008374958285706744,,0.0000073530184140284
"2020-05-21 00:00:00",-0.00009309106374407943,,-0.0005751758094963763
"2020-05-22 00:00:00",-0.000698028965369672,,-0.00011145835609856816
"2020-05-23 00:00:00",-0.001378213257081463,,-0.00013629920401264856
"2020-05-24 00:00:00",-0.0014432668443217296,,-0.0013639117858898913
"2020-05-25 00:00:00",-0.0016481762312762374,,-0.001017997750281133
"2020-05-26 00:00:00",-0.0007768085931525551,,-0.0000973555515303798
"2020-05-27 00:00:00",-0.0021802895483204526,,-0.0003787837558370123
"2020-05-28 00:00:00",-0.00016086084449052268,,-0.0005705969805474305
"2020-05-29 00:00:00",-0.00033242151673702254,,-0.00006573924845183872
"2020-05-30 00:00:00",-0.0013665287877456754,,0.0006813660306563773
"2020-05-31 00:00:00",0.0006363580326884951,,0.0008374165751457602
"2020-06-01 00:00:00",-0.0008031073767194528,,0.0035367044123388873
"2020-06-02 00:00:00",-0.0005722306142334258,,-0.000570557948933518
"2020-06-03 00:00:00",-0.0009321546224975172,,-0.00016684975231626652
"2020-06-04 00:00:00",-0.0008434012306422714,,0.00021312394840158522
"2020-06-05 00:00:00",0.0011099037297662487,,-0.00000207725304062448
"2020-06-06 00:00:00",-0.0020235448783807596,,-0.00023897705406462628
"2020-06-07 00:00:00",-0.00013614314193683663,,0.00014260066683759097
"2020-06-08 00:00:00",-0.00042728999543452124,,-0.0002535242943743739
"2020-06-09 00:00:00",0.0007569856850506354,,0.00047240712905312023
"2020-06-10 00:00:00",0.0010848195245734373,,-0.00009300256767959329
"2020-06-11 00:00:00",-0.0004830682807168391,,0.00010979547900973483
"2020-06-12 00:00:00",-0.00013296679652343463,,-0.000586020140475486
"2020-06-13 00:00:00",-0.000775210812879838,,0.00002007650203921156
"2020-06-14 00:00:00",0.0007813890511469681,,0.000355715556126955
"2020-06-15 00:00:00",-0.0009502296377448237,,-0.0005721321742085403
"2020-06-16 00:00:00",0.0004599603624877215,,0.00005768282834631432
"2020-06-17 00:00:00",-0.0007318390559027959,,-0.0004125456180250316
"2020-06-18 00:00:00",-0.00014184955354352923,,-0.0003996546983406337
"2020-06-19 00:00:00",0.002026929185893759,,-0.00015650127899309327
"2020-06-20 00:00:00",-0.0004431984460428281,,-0.0004661456384378329
"2020-06-21 00:00:00",0.00008330738337104652,,0.00010235965951952673
"2020-06-22 00:00:00",-0.0004002978199729999,,0.0003342411487991852
"2020-06-23 00:00:00",-0.0003921012636711651,,0.0000977771305533259
"2020-06-24 00:00:00",0.0014967820709295384,,0.000006469002695362877
"2020-06-25 00:00:00",0.00025828922455450334,,0.0004636785162288424
"2020-06-26 00:00:00",-0.00026288429916012,,0.0003833133122201833
"2020-06-27 00:00:00",0.000701617782735148,,-0.0009349222936167214
"2020-06-28 00:00:00",0.0001514185142174662,,-0.0006614380518840185
"2020-06-29 00:00:00",-0.0006479510000540061,,-0.0000827372981915803
"2020-06-30 00:00:00",-0.00032398661696693204,,-0.0001903095264136259
"2020-07-01 00:00:00",0.0000015096784188567005,,-0.0005721964541157869
"2020-07-02 00:00:00",0.0002757114999196884,,0.0001891128189905734
"2020-07-03 00:00:00",0.0005654754876150687,,-0.00008496082974737245
"2020-07-04 00:00:00",0.0003528338956176387,,-0.0008701751309647008
"2020-07-05 00:00:00",-0.000719978127107783,,0.00014419372592179314
"2020-07-06 00:00:00",-0.001958340780460229,,-0.00006204071154277356
"2020-07-07 00:00:00",-0.0009883014399641324,,-0.00019996108865305822
"2020-07-08 00:00:00",-0.001189082957870722,,-0.0004928771305011062
"2020-07-09 00:00:00",-0.0006428350119923471,,0.00017742197219661578
"2020-07-10 00:00:00",-0.002023751831987457,,0.002503577307497868
"2020-07-11 00:00:00",-0.0010202062035590265,,0.0000865978935063586
"2020-07-12 00:00:00",-0.0008603616536401553,,0.001107249308641608
"2020-07-13 00:00:00",-0.0007425759926894752,,0.000940693085365273
"2020-07-14 00:00:00",-0.001155031617868172,,-0.00031879140235785777
"2020-07-15 00:00:00",0.0002519196492001695,,0.0002739160208263608
"2020-07-16 00:00:00",-0.0005261035857534607,,0.000550352313011582
"2020-07-17 00:00:00",-0.0004314411012070154,,0.00008083191331321074
"2020-07-18 00:00:00",-0.0009066248342460689,,0.00031813130542785096
"2020-07-19 00:00:00",-0.0017310391287051145,,0.0004012884613297733
"2020-07-20 00:00:00",-0.0011474867470927178,,-0.00047587862912034295
"2020-07-21 00:00:00",-0.001830765439497854,,-0.0009141566425519595
"2020-07-22 00:00:00",-0.0006817202799886617,,-0.0008780774724813653
"2020-07-23 00:00:00",-0.0010252138831211106,,-0.0010109748090090266
"2020-07-24 00:00:00",-0.002058061448857489,,-0.00046517962848478106
"2020-07-25 00:00:00",-0.0013433751932462365,,0.0003813803908634377
"2020-07-26 00:00:00",-0.00006992943171396043,,0.0001761112620636215
"2020-07-27 00:00:00",-0.004081241227902316,,0.001306442394055654
"2020-07-28 00:00:00",-0.0017558105977386617,,0.0004089998261523057
"2020-07-29 00:00:00",-0.0013391795369056155,,0.0004729346269221415
"2020-07-30 00:00:00",-0.002912430453812477,,0.0006725711459784708
"2020-07-31 00:00:00",-0.001044177837642533,,0.0016484773807427886
"2020-08-01 00:00:00",0.000027925538666710156,,0.0021193158817974143
"2020-08-02 00:00:00",-0.001168304808602026,,0.0021485219899062854
"2020-08-03 00:00:00",0.00008893972288161145,,0.001387507989489312
"2020-08-04 00:00:00",0.0002664835092901824,,0.0012224284388607973
"2020-08-05 00:00:00",-0.0017163462081100868,,0.0015780215671444956
"2020-08-06 00:00:00",0.0005235752522640939,,-0.00026672329581647214
"2020-08-07 00:00:00",0.00012080052874999196,,0.0001827601962085002
"2020-08-08 00:00:00",0.0006677900246509957,,0.0005516302034561645
"2020-08-09 00:00:00",0.00025194898442806163,,-0.0008420854249832891
"2020-08-10 00:00:00",-0.001333861981546383,,0.000183501683501708
"2020-08-11 00:00:00",0.0007292579283189678,,-0.00020464626059460956
"2020-08-12 00:00:00",0.00044545043363089905,,0.0007391863768641133
"2020-08-13 00:00:00",-0.000986903201668178,,0.0010491525423728136
"2020-08-14 00:00:00",-0.00020086389825837395,,0.0010704311435191603
"2020-08-15 00:00:00",-0.000466936161653144,,0.000658841347974093
"2020-08-16 00:00:00",-0.0006993111411735202,,0.000994135856844467
"2020-08-17 00:00:00",-0.001261282161774723,,0.001350682240639077
"2020-08-18 00:00:00",-0.001317567188415789,,0.0013904518968666576
"2020-08-19 00:00:00",0.00034307485060346274,,0.00045648878366168417
"2020-08-20 00:00:00",-0.0006070988565236814,,0.0013229604709839836
"2020-08-21 00:00:00",-0.0017012607778890234,,0.002559080706801872
"2020-08-22 00:00:00",-0.0015084150846440944,,0.0003157057177813767
"2020-08-23 00:00:00",-0.0016440902796730375,,0.0012208809191305615
"2020-08-24 00:00:00",-0.0009882358246097536,,0.00020123116111235833
"2020-08-25 00:00:00",-0.0020096566128956495,,0.0005202418992792028
"2020-08-26 00:00:00",-0.0019996592857137543,,0.00016641544614150145
"2020-08-27 00:00:00",-0.0022112454627619786,,0.0008930937615943695
"2020-08-28 00:00:00",-0.002097525435845313,,-0.0014658885646795
"2020-08-29 00:00:00",-0.0023475707223312267,,0.0004766170625430636
"2020-08-30 00:00:00",-0.0015277259007205506,,-0.0005617064933954353
"2020-08-31 00:00:00",-0.0015754980131748992,,0.00035787671232879206
"2020-09-01 00:00:00",-0.0021049603628277977,,0.0006837778727469146
"2020-09-02 00:00:00",-0.00029118026488040915,,0.0014035641066076695
"2020-09-03 00:00:00",0.0004290046492705582,,-0.0017415818631880441
"2020-09-04 00:00:00",-0.0012722192529956132,,-0.0003101588967886625
"2020-09-05 00:00:00",-0.0014235641574876085,,-0.00032810538903215917
"2020-09-06 00:00:00",0.00018244443475031575,,0.0008348739904641361
"2020-09-07 00:00:00",-0.001502264190689269,,-0.0002266961210847037
"2020-09-08 00:00:00",-0.0000026585270191275423,,0.0008418372382212517
"2020-09-09 00:00:00",-0.00074960280763943,,0.000026414651326645197
"2020-09-10 00:00:00",0.0006464585804272994,,-0.00029588945724585806
"2020-09-11 00:00:00",-0.0007324661977976122,,0.0005245428296439584
"2020-09-12 00:00:00",-0.0022159818464739475,,-0.0006580585834978449
"2020-09-13 00:00:00",0.00008287222539021336,,-0.0000445568050836181
"2020-09-14 00:00:00",-0.00170969287516267,,-0.00018384249575576582
"2020-09-15 00:00:00",-0.0006505514507973472,,-0.0017907231623725832
"2020-09-16 00:00:00",-0.0007843455332433799,,-0.000333920278814296
"2020-09-17 00:00:00",-0.0015280284762292698,,-0.0006556776556776423
"2020-09-18 00:00:00",-0.0011839498708194288,,-0.0013620531622365337
"2020-09-19 00:00:00",-0.000227780706455889,,-0.0007321410838575767
"2020-09-20 00:00:00",-0.0007791632840044292,,-0.0004887111387701817
"2020-09-21 00:00:00",-0.00003785587374887318,,-0.000697473887091331
"2020-09-22 00:00:00",-0.002779815028323747,,-0.002962786362210801
"2020-09-23 00:00:00",-0.0017771110250277616,,-0.00020673333558860415
"2020-09-24 00:00:00",-0.0022825794467429073,,-0.0016429107978990418
"2020-09-25 00:00:00",-0.0014087001040242956,,-0.0014329984610629432
"2020-09-26 00:00:00",-0.0023872253076020243,,-0.0030275894574984734
"2020-09-27 00:00:00",-0.002709388564838107,,-0.002092490112080607
"2020-09-28 00:00:00",-0.0015384403230826276,,-0.000978408781985078
"2020-09-29 00:00:00",-0.0013702429902093113,,-0.0008853033152165822
"2020-09-30 00:00:00",-0.0008999717454956727,,-0.0013533025640454885
"2020-10-01 00:00:00",-0.0012719114542658631,,-0.0016871932059970283
"2020-10-02 00:00:00",-0.0005606669058341316,,-0.0005258298411897793
"2020-10-03 00:00:00",-0.0007050500362973506,,-0.0008523280322891955
"2020-10-04 00:00:00",-0.0027637146995506223,,-0.0025638865164550467
"2020-10-05 00:00:00",-0.0014844013124838632,,-0.001996519286046912
"2020-10-06 00:00:00",-0.001779784475808324,,-0.001962760050435419
"2020-10-07 00:00:00",-0.001257869745866593,-0.00006817251667403263,-0.0015965487450713973
"2020-10-08 00:00:00",-0.0021443022386234585,-0.00006817251667403263,-0.0023806991467490786
"2020-10-09 00:00:00",-0.0012391057704922708,,-0.0010772972608121887
"2020-10-10 00:00:00",-0.00048687736513112334,,-0.0012731067883565224
"2020-10-11 00:00:00",-0.0012825882950179043,,-0.00122889616910335
"2020-10-12 00:00:00",-0.0006437637009763622,,-0.0006142046669117497
"2020-10-13 00:00:00",-0.0004217419826760561,,-0.0009319821763917948
"2020-10-14 00:00:00",-0.0003726124261432654,,-0.0006544078893295427
"2020-10-15 00:00:00",-0.0007567634526682774,,-0.001542962588723623
"2020-10-16 00:00:00",-0.000398379374828179,,-0.00021151516558310794
"2020-10-17 00:00:00",-0.001270363942733552,,-0.0011416255550304594
"2020-10-18 00:00:00",0.0012053474492259202,,-0.00028285124175313084
"2020-10-19 00:00:00",-0.0005861641397844149,,-0.0020703716350465987
"2020-10-20 00:00:00",-0.001560398798667915,,-0.0013247327823203794
"2020-10-21 00:00:00",-0.0034008890474461384,,-0.0027707323743683854
"2020-10-22 00:00:00",-0.0019717704358314953,,-0.0018287153778800106
"2020-10-23 00:00:00",-0.0006699818922418739,,-0.0010972609921852557
"2020-10-24 00:00:00",-0.0014617158151544617,,-0.0019925774663018076
"2020-10-25 00:00:00",-0.0016564627399108403,,-0.0011524385198469886
"2020-10-26 00:00:00",-0.0014503690400748221,,-0.002004609400487505
"2020-10-27 00:00:00",-0.00024017760713203372,,0.000021235648580135215
"2020-10-28 00:00:00",-0.0007128909587707175,,-0.0008252818666021173
"2020-10-29 00:00:00",-0.0007995419673115343,,-0.000644774861410044
"2020-10-30 00:00:00",-0.001748953304467004,,-0.0019632505704434517
"2020-10-31 00:00:00",-0.0018735179249863658,,-0.0016548442254280798
"2020-11-01 00:00:00",-0.0018289108942600354,,-0.0015974427117155514
"2020-11-02 00:00:00",-0.002319461340353896,,-0.0017551660356228747
"2020-11-03 00:00:00",-0.0011113565190744956,,-0.001140534520078533
"2020-11-04 00:00:00",-0.002570054519636079,,-0.0028905827831253103
"2020-11-05 00:00:00",0.00045562200650180336,,0.0010491279618899242
"2020-11-06 00:00:00",0.000611780011026799,-0.0001898197476736389,0.0010727860187857863
"2020-11-07 00:00:00",-0.00042618684353229306,-0.001565751198733765,-0.0007001829504435048
"2020-11-08 00:00:00",-0.0010539951996858324,-0.0017175705015731783,-0.0005237466829554225
"2020-11-09 00:00:00",-0.0014100646344601894,-0.0008261892714905691,-0.0005198622263425182
"2020-11-10 00:00:00",-0.001687031261286616,-0.0016951179397633766,-0.0009030393063341039
"2020-11-11 00:00:00",-0.00028179952862007106,-0.0009662528002741785,0.0003177888351204315
"2020-11-12 00:00:00",-0.000490164249848383,-0.0004185053432196209,-0.00035082964756521937
"2020-11-13 00:00:00",0.0003485548067355031,-0.0003201218879738236,0.00034067900396183697
"2020-11-14 00:00:00",0.00025243050202013265,0.0007792737553956983,0.0010911736836321628
"2020-11-15 00:00:00",-0.0006247261506801205,-0.00031863901212196804,0.0007115378580104747
"2020-11-16 00:00:00",-0.0006093047102037286,-0.0007862460608721154,-0.00008237034070581493
"2020-11-17 00:00:00",-0.00021446572988713237,-0.0013688970067714554,-0.0002761311729853549
"2020-11-18 00:00:00",0.0007720720625131475,-0.000300780411142283,-0.0007016033696875646
"2020-11-19 00:00:00",0.0005732715431166064,-0.0004245352958975412,0.00011369235906251667
"2020-11-20 00:00:00",-0.000036489289288736455,0.00007062169743115557,0.00026992212914236707
"2020-11-21 00:00:00",0.0009465846200092623,-0.0015758022309758089,0.0006080987550088746
"2020-11-22 00:00:00",0.0014169999455628363,0.0009322857878563975,0.0012975575339504277
"2020-11-23 00:00:00",-0.0019684712840029135,-0.0014853429539820632,0.0008106715778058041
"2020-11-24 00:00:00",-0.0007172766424671271,-0.002116593051298659,0.0016029726261758829
"2020-11-25 00:00:00",0.0005150005792508389,0.0005223047373955867,0.002382679235945773
"2020-11-26 00:00:00",-0.00043182653189165486,-0.00022647446996168152,0.0004198071634310185
"2020-11-27 00:00:00",-0.00054455718570252,-0.0018571179076268983,0.0004530980201506382
"2020-11-28 00:00:00",-0.0005480551120884683,-0.0007344875605215654,-0.000589610333917668
"2020-11-29 00:00:00",-0.0010259597555834737,-0.00037806904586844167,-0.0009165948280324148
"2020-11-30 00:00:00",-0.000525014009517654,-0.0010518605965566007,-0.00042157022548067874
"2020-12-01 00:00:00",-0.0006965121389991297,0.00007336581187731656,-0.0005018793607583979
"2020-12-02 00:00:00",-0.0015503642199670212,-0.0008192069860959153,-0.0013152182910098377
"2020-12-03 00:00:00",0.00020531272670084368,-0.00026814464183147864,-0.00021516882361041843
"2020-12-04 00:00:00",-0.0005454879648537868,0.0008150525471878247,0.0028638195974045933
"2020-12-05 00:00:00",-0.000834274448643373,-0.0005373442524052387,-0.00005907303100459414
"2020-12-06 00:00:00",-0.0005522647801405004,-0.0008564255168044213,-0.0008284824933941558
"2020-12-07 00:00:00",-0.0005417474501928721,-0.00035275427297299603,-0.0004948414206631047
"2020-12-08 00:00:00",0.0005124447153336686,0.0007154882038720122,0.001759262672211235
"2020-12-09 00:00:00",0.00019048239282874835,0.0005152867540422,-0.0001672019898324879
"2020-12-10 00:00:00",0.0003636621632769118,-0.00021090935177720164,0.0007402494698627755
"2020-12-11 00:00:00",-0.0005008821185261687,0.00034780465594445045,0.00022791012478257593
"2020-12-12 00:00:00",0.00003768942503216928,0.00022560731974970936,-0.0001601906465022587
"2020-12-13 00:00:00",-0.00008348459515576601,-0.001622543893204058,-0.00028097623949123744
"2020-12-14 00:00:00",-0.000818644896637617,-0.0005090370897153122,-0.0016524679808879992
"2020-12-15 00:00:00",-0.0010321675046377086,-0.000909845419665272,-0.00110007563406813
"2020-12-16 00:00:00",-0.00037018000870546735,-0.001274619063067828,-0.00018302276014838136
"2020-12-17 00:00:00",0.00042805002508036343,0.0006896554335207104,0.0010001098465685734
"2020-12-18 00:00:00",-0.0008515514922003926,-0.002251366554526481,-0.000844667042729162
"2020-12-19 00:00:00",0.0011239916368714427,8.278073719459751e-8,0.0009724395583385137
"2020-12-20 00:00:00",0.003613391965689215,0.003516722178890682,0.0015578871908169107
"2020-12-21 00:00:00",0.0016663707334747388,0.0009873452772855389,0.0012038874393627463
"2020-12-22 00:00:00",0.0018742214996110146,0.0012058858575482148,0.0003744681323469465
"2020-12-23 00:00:00",0.00268306134457636,0.0017097007431753778,0.005536496418717017
"2020-12-24 00:00:00",0.0008578915922273384,0.0017885120542145,0.0003935251491589511
"2020-12-25 00:00:00",0.0015177999560211963,-0.0006380973184476394,0.0019762446228671466
"2020-12-26 00:00:00",0.0029453819972333115,0.0015185193595072537,0.003512655354843665
"2020-12-27 00:00:00",0.00412932482079669,0.002647910301442739,0.0046791695722320685
"2020-12-28 00:00:00",0.0021322956795679446,0.0009180473602685341,0.002549874775320259
"2020-12-29 00:00:00",0.001218717196319781,0.0013326679022247383,0.002633941373440986
"2020-12-30 00:00:00",0.00210852432363546,0.001115661466308967,0.0018175491618537206
"2020-12-31 00:00:00",0.00042207237124713195,-0.0005691985843454631,0.0009005308456150118
"2021-01-01 00:00:00",-0.0004354465547417177,-0.00028063512033203416,-0.00029388635866980055
"2021-01-02 00:00:00",0.0012953289504037172,-0.0018406735751298994,0.0026743816168745453
"2021-01-03 00:00:00",0.006995834940527879,-0.0009670869674703402,0.011739172441161901
"2021-01-04 00:00:00",-0.012128849503999001,-0.019085104604097194,-0.012126486121090395
"2021-01-05 00:00:00",0.0008589184893172241,-0.0008095527176372144,0.0024620872110187974
"2021-01-06 00:00:00",0.0018597782227930187,0.0021333312075698927,0.0021331712960575865
"2021-01-07 00:00:00",0.005529445102048249,0.0020433876910297888,0.004003902585952437
"2021-01-08 00:00:00",0.0009209940904429432,0.0008458379188167651,0.003072052146387472
"2021-01-09 00:00:00",0.0038974355066084543,0.0020966880550106408,0.006376679868342424
"2021-01-10 00:00:00",0.00425662750397926,0.0015733029095416008,0.004682803804234635
"2021-01-11 00:00:00",0.00026299488174500927,-0.0008305838709090983,0.0007092745759268805
"2021-01-12 00:00:00",0.001887670369363485,0.0006210485602070487,0.0031900307079895025
"2021-01-13 00:00:00",0.0009214018032359691,0.0011278085470031517,0.0032282359483963687
"2021-01-14 00:00:00",0.0009739506526925305,-0.0003756804736589704,0.0007182309477010657
"2021-01-15 00:00:00",0.00021198262813210822,0.0016663291379399256,0.0015775387215613936
"2021-01-16 00:00:00",0.0018557858154212262,0.00021622267524967715,0.0011501383990502546
"2021-01-17 00:00:00",0.002019144797422591,0.0008777344519608536,0.00235938071899638
"2021-01-18 00:00:00",0.0000855785585600585,-0.0023051157550226732,-0.00039244019448628225
"2021-01-19 00:00:00",0.0027871053827015144,0.0010575789717750933,0.002883496704505019
"2021-01-20 00:00:00",0.0016590834856911186,0.002396183941565385,0.0005316922440749081
"2021-01-21 00:00:00",0.0031128308965355897,0.004141612072038927,0.003039753001565338
"2021-01-22 00:00:00",-0.0008730685085658101,0.0005011442992174003,0.0022486444350922046
"2021-01-23 00:00:00",0.000426618922409398,-0.0006025206611442959,0.0005829425248203663
"2021-01-24 00:00:00",-0.0025486787904598902,0.000039057855909548696,-0.00005914181421389681
"2021-01-25 00:00:00",0.002155031135816092,0.0015359679286744215,0.004778679890072461
"2021-01-26 00:00:00",0.00008721154817627425,-0.0005188951803479602,-0.00009957775824566118
"2021-01-27 00:00:00",0.00015943882763417056,-0.0009169706625986146,0.0010092273065132548
"2021-01-28 00:00:00",-0.0005862736887674575,-0.0023754607803448454,-0.0008665662850114647
"2021-01-29 00:00:00",-0.0007363636356484286,-0.002925146151106729,0.000005609423910823473
"2021-01-30 00:00:00",-0.0016206155925763395,-0.0033552203230033674,-0.0008394664907416321
"2021-01-31 00:00:00",0.00029988250230529026,-0.0032829449019332936,-0.0003700170749724709
"2021-02-01 00:00:00",-0.002326313495591951,-0.003575961803610875,-0.0014468114740812507
"2021-02-02 00:00:00",-0.00036102963147903146,-0.0010933273165954279,-0.0008228577035574006
"2021-02-03 00:00:00",-0.0009568076286924502,0.000053159087443493314,0.0012562976810115603
"2021-02-04 00:00:00",0.001618421346029419,0.0006161830680765196,-0.0002111567062102963
"2021-02-05 00:00:00",0.0008491662449205353,-0.00012678395783808987,-0.0016258965813507325
"2021-02-06 00:00:00",0.0009617993258813696,-0.0012267848181396553,0.0016144819277004862
"2021-02-07 00:00:00",-0.000600684493409833,-0.0025498004911298916,0.00044113683040469917
"2021-02-08 00:00:00",0.0013604211451449981,-0.0027464503008714867,0.0023520587228934684
"2021-02-09 00:00:00",0.0002326179067921127,-0.0019128354161718664,0.00030158602522168423
"2021-02-10 00:00:00",0.0029247944275465638,-0.00230058145312302,0.0005016954669760005
"2021-02-11 00:00:00",0.00044860242426202193,-0.002616717054763872,-0.00006193789931927096
"2021-02-12 00:00:00",-0.0013153611956598997,-0.0033235366088183974,-0.0019311485132741176
"2021-02-13 00:00:00",-0.0008057114863311669,-0.0030738000579158486,-0.0017623991182687392
"2021-02-14 00:00:00",0.001255242641502437,-0.0030650151992916677,-0.0012488418349460102
"2021-02-15 00:00:00",0.0008966550570463054,0.0008468035619421992,0.0013187608598991779
"2021-02-16 00:00:00",0.0009245665238841756,-0.0008729631714868719,0.001935127484536689
"2021-02-17 00:00:00",0.0020294814306718026,0.00029592152304302565,0.000864277168197725
"2021-02-18 00:00:00",0.0030002954875353966,0.0018397828575456453,0.003037427182754893
"2021-02-19 00:00:00",0.00515668392187631,0.003596495031040535,0.006677109561007164
"2021-02-20 00:00:00",0.005993377304497727,0.00582762152067843,0.006397352184100835
"2021-02-21 00:00:00",0.0037905816531606934,0.0034870959977624004,0.004415582989094383
"2021-02-22 00:00:00",0.0032014877862352204,0.0033660893614915373,0.0063270200888321014
"2021-02-23 00:00:00",0.0026238011707830746,0.0019981236783350237,0.0044039001985774285
"2021-02-24 00:00:00",0.0017908705257783397,0.004165824720931354,0.003059306838783538
"2021-02-25 00:00:00",-0.0016453571853773364,-0.00406256840858731,-0.0030191428959031007
"2021-02-26 00:00:00",0.003551974693457816,0.003752198188425574,0.006486432041192481
"2021-02-27 00:00:00",0.008432217544932036,0.008270788742981811,0.01150850070479538
"2021-02-28 00:00:00",-0.0010081679455944059,-0.0015327871264469313,-0.0014118743160609101
"2021-03-01 00:00:00",0.002079477435078262,0.0027311243412339505,0.002794939126135284
"2021-03-02 00:00:00",0.001609959709137284,0.002898409221859642,0.0029976316403631776
"2021-03-03 00:00:00",0.0012914458809106756,0.000792140083326919,0.0009636949080132475
"2021-03-04 00:00:00",0.005269853743171331,0.00535428709282394,0.007207884449299661
"2021-03-05 00:00:00",0.001270984242363255,0.001341904732413346,0.00142380025754868
"2021-03-06 00:00:00",0.0018151596488656765,0.004153461710935717,0.001388690121439406
"2021-03-07 00:00:00",0.0026088754676546716,0.0012378312859357774,0.002417097179398268
"2021-03-08 00:00:00",0.002711724680216085,0.0019448901938599477,0.0023608062283801134
"2021-03-09 00:00:00",0.0013121077667334136,0.0011292754228117772,0.0021502339737862384
"2021-03-10 00:00:00",0.0016063275498933117,-0.0004888426068866437,0.0019470355707525337
"2021-03-11 00:00:00",0.0012941186408479306,0.00016985269609025758,-0.0011841601158519629
"2021-03-12 00:00:00",0.0020784524774344272,0.0006458506302441802,0.0011160337027610616
"2021-03-13 00:00:00",0.001603798868876195,-0.00005423302355989043,0.001038152434082874
"2021-03-14 00:00:00",0.002977956399877801,0.0024430630285627434,0.0034046177459031335
"2021-03-15 00:00:00",-0.002170893367082986,-0.0013803542546100766,-0.003188792682143904
"2021-03-16 00:00:00",0.0033285147268428,0.002976315740465463,0.003749607293804954
"2021-03-17 00:00:00",0.00462365516525212,0.004886834296186893,0.0042379518509420705
"2021-03-18 00:00:00",0.0028985492382579544,0.0035390591210386784,0.0035748593398460373
"2021-03-19 00:00:00",0.0031727579269035353,0.0023271866513908616,0.0009199663003808654
"2021-03-20 00:00:00",0.0018827846444338084,0.002203026836888345,0.002302304367271652
"2021-03-21 00:00:00",0.0015849655665509676,0.0009414037925392212,0.0012508151044284216
"2021-03-22 00:00:00",-0.0010587119665172394,-0.000007949913186227243,0.0007651182358810964
"2021-03-23 00:00:00",0.001489597175472907,0.0005509062974717211,0.001965493273812162
"2021-03-24 00:00:00",-0.0023257993162871153,-0.0017839897252559264,-0.002810959989467525
"2021-03-25 00:00:00",-0.0014008612462849644,-0.0012445972231870748,-0.0014565876170140846
"2021-03-26 00:00:00",0.000033460418368053005,-0.0001714971965980419,-0.000507499045369674
"2021-03-27 00:00:00",-0.0014033120057809082,-0.001274057176025499,-0.0020085412488869614
"2021-03-28 00:00:00",-0.0004456724814568167,-0.0007145711730751198,-0.0006033809971822185
"2021-03-29 00:00:00",0.0002955728832010362,-0.000488068353441582,0.0007248616624056026
"2021-03-30 00:00:00",0.000047400987872341594,-0.0009618187574771145,0.0001259907314227046
"2021-03-31 00:00:00",0.0008985364358867042,-0.00006686442152681098,0.001274772908340891
"2021-04-01 00:00:00",0.0011705699651319897,-0.0004556726245208804,0.0013189744713321618
"2021-04-02 00:00:00",-0.00043236451006913355,0.0008451364595145216,0.0038227872702135154
"2021-04-03 00:00:00",-0.00048647828317357594,-0.0025197600923587225,0.0009745776107328493
"2021-04-04 00:00:00",0.0011547122931563638,0.0002545866706595114,0.0009287485333689722
"2021-04-05 00:00:00",0.0021816170679658364,0.0006481434216289115,0.002499822749360068
"2021-04-06 00:00:00",0.001535478704044856,0.000813928121270817,0.0014837111945250436
"2021-04-07 00:00:00",0.001191623145446431,-0.00004904381721159447,0.0007125051487288963
"2021-04-08 00:00:00",0.0017644731605247163,0.0007270563079509954,0.0005423021027121634
"2021-04-09 00:00:00",0.0005613998426697125,0.00012718429128262188,0.00030592156670664305
"2021-04-10 00:00:00",0.0023532270032844372,0.0011195495283328823,0.002239395499935253
"2021-04-11 00:00:00",0.0016244129921925414,0.000534567869078104,0.0020574626490655096
"2021-04-12 00:00:00",0.001243100581387863,0.00040855764321895606,0.0012694928825510022
"2021-04-13 00:00:00",0.0024793056208091075,0.0007527440752168158,0.0013349247353908595
"2021-04-14 00:00:00",0.0024609874564974293,0.0009432454762769228,0.0015077449444765559
"2021-04-15 00:00:00",0.0011292959548455785,-0.00048692739175143534,0.0012022172837172598
"2021-04-16 00:00:00",-0.0011307650435201943,-0.0015758177738322671,-0.0021304938510335924
"2021-04-17 00:00:00",0.0023111071073290317,0.001627318187776547,0.002877135660856593
"2021-04-18 00:00:00",-0.0001300299349588004,0.0011310845919125104,0.000256355756599853
"2021-04-19 00:00:00",-0.0032034523030456397,-0.003928065690800307,-0.004135957137205882
"2021-04-20 00:00:00",0.00006282003140741051,-0.0015835259840076942,0.0002929471457983715
"2021-04-21 00:00:00",0.0002610071367172309,-0.00020161859658185096,0.0022531301754522026
"2021-04-22 00:00:00",0.00158077905427706,0.001582860330774881,0.0036111135694982454
"2021-04-23 00:00:00",0.0007549727891805426,0.0004983065405260924,0.00039092105080119595
"2021-04-24 00:00:00",-0.0011468179579650246,-0.002048576476731696,-0.0010501455513895414
"2021-04-25 00:00:00",-0.0019947311570938683,-0.0010330585103069773,0.0002844062390992814
"2021-04-26 00:00:00",0.00026187889608542364,0.0007852545337005343,0.0011849423186301154
"2021-04-27 00:00:00",-0.0026289836167434715,-0.0021772986554968094,-0.0021814118303533476
"2021-04-28 00:00:00",0.0002757772816285176,0.00042334034245995956,0.0014026189663049454
"2021-04-29 00:00:00",0.000050430973545675286,-0.000014262765674703023,0.0012622252865344818
"2021-04-30 00:00:00",0.0003681021920097756,0.0002745229536503684,0.0024231024712139913
"2021-05-01 00:00:00",0.0010371278548712225,0.00039466273372276895,0.0009034241999839641
"2021-05-02 00:00:00",0.0012555490030434291,0.0006325155159469685,0.0023888805803508393
"2021-05-03 00:00:00",0.0006726836232561539,0.0005000007454934952,0.002079614665706402
"2021-05-04 00:00:00",-0.003967917094516882,-0.004667596858362155,-0.0032467286690476393
"2021-05-05 00:00:00",0.00012248327649172486,-0.0013554943347872117,0.00019317417965160905
"2021-05-06 00:00:00",0.00017567829862211398,-0.0015888175440730064,0.0004923051119739196
"2021-05-07 00:00:00",0.0010111076476760305,0.00044478690325436304,0.0019163063153438277
"2021-05-08 00:00:00",0.0002731596040080748,0.00046850818272736755,0.001335529839877257
"2021-05-09 00:00:00",0.0007105703049856412,-0.0001427847544089438,0.00031739212783235234
"2021-05-10 00:00:00",0.00234967124298051,-0.0010750518313287765,0.002683296013220171
"2021-05-11 00:00:00",0.0001308477188165165,0.0013100701596754796,0.003257988445371273
"2021-05-12 00:00:00",0.003224176887384916,-0.0018407184202143226,-0.006325310020510043
"2021-05-13 00:00:00",0.0037504062897513583,-0.004945405295016221,0.005295115967231769
"2021-05-14 00:00:00",-0.00014814640480930125,-0.0008398690071804325,0.0007438181898235329
"2021-05-15 00:00:00",-0.0036089747075701488,-0.0029619151456438324,-0.00513312941898753
"2021-05-16 00:00:00",-0.0022158232935260954,-0.0020701747646744827,-0.001271658663932275
"2021-05-17 00:00:00",-0.0004997179940349472,-0.00016045511866343834,0.0008319052952411273
"2021-05-18 00:00:00",0.0009863562088039868,0.00028985747514604813,0.006053408927005632
"2021-05-19 00:00:00",-0.006676654487122844,0.0006207540882279976,-0.008629239195075432
"2021-05-20 00:00:00",0.0015476904727569321,-0.0024578252622999403,0.002555784594140431
"2021-05-21 00:00:00",0.00010840002635024937,-0.0005303125621717864,-0.0022934134216078712
"2021-05-22 00:00:00",-0.0006998475458718761,0.00017491381087391528,-0.0007133761133102598
"2021-05-23 00:00:00",0.0012787281121907081,,0.0012091573943493544
"2021-05-24 00:00:00",0.0004102091368904584,,0.0011845882658365608
"2021-05-25 00:00:00",-0.00030288403266682406,,-0.00044811052203114367
"2021-05-26 00:00:00",0.0015489379470276536,,0.002660998409333558
"2021-05-27 00:00:00",-0.0003725762955641323,,-0.00020799719099373406
"2021-05-28 00:00:00",0.0002525563995915662,,0.0008414990229942211
"2021-05-29 00:00:00",0.008709171378853266,,0.01282660217957453
"2021-05-30 00:00:00",0.0010485751064177417,,0.0015127717984802294
"2021-05-31 00:00:00",0.000005280905545998194,,0.00020047701181686496
"2021-06-01 00:00:00",-0.00010595057539237348,,-0.00020477093660043884
"2021-06-02 00:00:00",0.0002409318422998142,,-0.0008152509135002456
"2021-06-03 00:00:00",0.004013936093879246,,0.004847666004588229
"2021-06-04 00:00:00",-0.0017604472100659762,,-0.001396091026185838
"2021-06-05 00:00:00",0.0017894105226643048,,0.0023727612126960094
"2021-06-06 00:00:00",-0.000073730058274694,,0.00023650374850718312
"2021-06-07 00:00:00",-0.0017437693087042276,,-0.002289129314923593
"2021-06-08 00:00:00",0.0009529767486855963,,0.000610147171841072
"2021-06-09 00:00:00",0.0009850599230857527,,0.005918587857797896
"2021-06-10 00:00:00",-0.0003785168210429873,,-0.00008059550952729615
"2021-06-11 00:00:00",-0.0007235542054594501,,-0.002630290960644386
"2021-06-12 00:00:00",0.00795216565590222,,0.0037283342292801077
"2021-06-13 00:00:00",0.002921185596293881,,0.0029913293479375933
"2021-06-14 00:00:00",0.0021067790362149104,,0.0017554040026959356
"2021-06-15 00:00:00",-0.0013858503670290444,,0.0028296866836894155
"2021-06-16 00:00:00",0.0009609072455791844,,0.0037828157558072863
"2021-06-17 00:00:00",0.0014688732362936208,,0.00004714598563225203
"2021-06-18 00:00:00",-0.0016281051325699352,,-0.0019878083116162955
"2021-06-19 00:00:00",0.0017187198288724126,,0.0020748412013314728
"2021-06-20 00:00:00",0.002197133318369273,,0.0007830398114543085
"2021-06-21 00:00:00",-0.000639167877357528,,0.003912872070775317
"2021-06-22 00:00:00",0.00032777568167292875,,-0.00005680402849237763
"2021-06-23 00:00:00",-0.0004420947319051653,0.0019175997826365334,-0.0001845367857390533
"2021-06-24 00:00:00",-0.000026493076413881782,0.0020146845848039475,0.002636078157489024
"2021-06-25 00:00:00",0.000683982738099629,0.004080332376348235,0.00005078806529155541
"2021-06-26 00:00:00",0.000537805085319022,0.005850259591143834,0.0009483976479374609
"2021-06-27 00:00:00",0.00012399625871263066,0.0018158069147084937,-0.00008579978152093051
"2021-06-28 00:00:00",0.0023212650281775387,0.003381495725723609,0.0034127631131544768
"2021-06-29 00:00:00",0.00022782660924664395,-0.0011434338122761785,0.0007161037213444298
"2021-06-30 00:00:00",0.0028588933336686625,0.004276734807859445,0.0037199789016394524
"2021-07-01 00:00:00",0.0019650038752792656,0.0023668764365709382,0.0020985903127497493
"2021-07-02 00:00:00",0.0016478300731800472,0.002602953793157109,0.001711625741535727
"2021-07-03 00:00:00",0.002350700093110924,0.0026624165772261552,0.002597635638258522
"2021-07-04 00:00:00",0.0018518853302671421,0.002635675627681697,0.002268182835601222
"2021-07-05 00:00:00",0.0003006165201745476,0.0035812900246932275,0.002201601540048011
"2021-07-06 00:00:00",0.0005820085461619727,0.001587946967138971,0.0006103616157438235
"2021-07-07 00:00:00",0.0019062292973307522,0.0031623331807655434,0.0025858362128708566
"2021-07-08 00:00:00",0.001659555939762102,0.00399480155561133,0.002427764667166709
"2021-07-09 00:00:00",0.002195607272496746,0.0022005932716707365,0.0027324315138488355
"2021-07-10 00:00:00",0.001700715684714277,0.0023769069502613343,0.0014903570478856916
"2021-07-11 00:00:00",0.001000269150585919,0.0011692176271477866,0.001309870002429888
"2021-07-12 00:00:00",0.0022515164193536706,0.0029915500102920406,0.002552972938594275
"2021-07-13 00:00:00",0.003574117641536579,0.004767159728925548,0.000742950065275746
"2021-07-14 00:00:00",0.0023481085046638058,0.002765409779747594,0.0026811378517823834
"2021-07-15 00:00:00",0.00117810413138682,-0.000008652261168034577,0.0023802135963262036
"2021-07-16 00:00:00",0.0007543417641010392,0.0016622545395929432,0.0011361291771144798
"2021-07-17 00:00:00",-0.0005839683190366658,0.0024248932566832276,-0.00027735042344382036
"2021-07-18 00:00:00",0.0005116199181846444,0.00478881633348258,0.0010516424999738182
"2021-07-19 00:00:00",0.0020133870297395903,0.0010822847123020593,0.0021287017896361865
"2021-07-20 00:00:00",0.003159025052910991,0.0036984726122945353,0.004950825504483204
"2021-07-21 00:00:00",0.006022745795884232,0.007735146072213795,0.007229497243245184
"2021-07-22 00:00:00",0.000792853710921893,0.0015477019273814599,0.001229199899378609
"2021-07-23 00:00:00",0.0007848719401539266,0.0003809036382146058,0.0014463327108151206
"2021-07-24 00:00:00",-0.0003541936632876746,0.0018717999916581715,0.0003280835383812985
"2021-07-25 00:00:00",0.0022135223615258187,0.007739019011715699,0.0058949204014464495
"2021-07-26 00:00:00",-0.00175730157986706,-0.0005632638081609085,-0.002278905893894118
"2021-07-27 00:00:00",-0.001107195747819578,0.00034308198318178904,-0.00011034623979091486
"2021-07-28 00:00:00",-0.00035270299765168873,0.0010901477823030818,-0.0007553048348746168
"2021-07-29 00:00:00",0.00018873660179839782,0.00013762772618657518,-0.00004373008126424631
"2021-07-30 00:00:00",0.000005491653478651425,-0.0005267937449559202,-0.0007057378584757474
"2021-07-31 00:00:00",0.0006322102521611105,0.0006152791368593822,-0.0014636411979951321
"2021-08-01 00:00:00",-0.00037817515072401776,0.0006345576554233014,-0.0010902207003359679
"2021-08-02 00:00:00",0.00045250552764429904,0.001530760393803798,0.0011787811608998807
"2021-08-03 00:00:00",0.000926566380937303,0.0018117750776092299,0.0014737082885225232
"2021-08-04 00:00:00",0.0005548607348845092,0.00019546895892243448,0.000531549489393984
"2021-08-05 00:00:00",-0.00041263703158227617,-0.000285207079482362,0.00003404357336330767
"2021-08-06 00:00:00",0.0004344239797558746,0.00009914590924658299,0.00020556496911109816
"2021-08-07 00:00:00",0.0021555973644489966,0.000908231829851816,0.0016174388979114046
"2021-08-08 00:00:00",0.00013383413499725732,-0.0009328224459522397,-0.003952397779396353
"2021-08-09 00:00:00",-0.0006552579301848994,-0.00041605576136926904,-0.0008188948419978682
"2021-08-10 00:00:00",0.0013703522665144644,0.0008144739985255572,0.0018060648282638885
"2021-08-11 00:00:00",-0.0011081578178135357,-0.0007898610138425162,-0.0012774611410597875
"2021-08-12 00:00:00",0.0007698952471706704,0.0015824370748418696,0.0010746756224916376
"2021-08-13 00:00:00",-0.0004065002385856315,0.0000247756826661315,-0.0005710064614001668
"2021-08-14 00:00:00",-0.00019941081227129752,-0.00017035250045962106,-0.0002528082540432965
"2021-08-15 00:00:00",0.0003193117116208414,-0.00032443322891488006,-0.0000988739075738552
"2021-08-16 00:00:00",0.0010420529263016761,-0.00003069761067628757,0.00027524606719547237
"2021-08-17 00:00:00",-0.0006467927916317885,-0.0005867755706674962,-0.0008537918964235386
"2021-08-18 00:00:00",0.000054422846154749,-0.000655897204411493,0.00032898343463939357
"2021-08-19 00:00:00",0.00015287762642672814,0.007881998499855682,0.00833756174695242
"2021-08-20 00:00:00",-0.0009001855596329569,0.0006270814962790365,-0.0005301862770843837
"2021-08-21 00:00:00",0.00045389499189606207,0.00026181555147036805,0.001150326783922059
"2021-08-22 00:00:00",-0.0009813714061110686,-0.0003438373105696952,-0.0016221660047999794
"2021-08-23 00:00:00",-0.0002934695092990222,-0.001640310722553614,-0.0002904049532452727
"2021-08-24 00:00:00",0.0012527129630231732,0.0006992559437548352,0.0031610288195833953
"2021-08-25 00:00:00",0.0006374625863881696,0.000270002825621095,0.0007338815606011708
"2021-08-26 00:00:00",0.0009026097808278251,-0.0011135236350639148,0.0012200873878824598
"2021-08-27 00:00:00",0.000019607152625678454,0.0003757148335695928,0.0013979433183198453
"2021-08-28 00:00:00",0.000517337124409392,0.0005173004029882655,0.0006080045587407278
"2021-08-29 00:00:00",0.0011105177900029865,0.0009698869586430539,0.0014219002018891081
"2021-08-30 00:00:00",0.00309481301823765,0.005673597486431408,0.0026597666991760205
"2021-08-31 00:00:00",0.0013859735022873723,0.0011947891433561494,0.0022004171533615787
"2021-09-01 00:00:00",0.002029277308108768,0.0016430844410351424,0.002588218615431664
"2021-09-02 00:00:00",0.0013315204640715,0.00047995492658847424,0.001817711884592307
"2021-09-03 00:00:00",0.0016973553341879906,0.0006460036566000175,0.00275098031255971
"2021-09-04 00:00:00",0.0028213966474078898,0.0026995716798376814,0.0009516084922256121
"2021-09-05 00:00:00",0.00019521221639609164,-0.0010564918078229957,-0.0012154237778777234
"2021-09-06 00:00:00",0.0023859224019236146,0.004001298185366545,0.004722964268706051
"2021-09-07 00:00:00",0.002168696788867091,0.002771715590851203,0.0032607965376514635
"2021-09-08 00:00:00",0.0014594238094357836,0.0016887228642771014,0.001692621292630042
"2021-09-09 00:00:00",0.0016297345364351982,0.002141186656651382,0.002218835465922407
"2021-09-10 00:00:00",0.0007358093668406684,0.0009047918561597539,0.0007753321737558208
"2021-09-11 00:00:00",0.0025972047883441787,0.0031886137697870855,0.00393739261418412
"2021-09-12 00:00:00",0.002180264328497862,0.0021305416408679053,0.0030374189666011677
"2021-09-13 00:00:00",0.002205261666825501,0.002327093175097485,0.0027606474872011954
"2021-09-14 00:00:00",0.0015601850994760923,0.0024915901482731,0.0021022894366996055
"2021-09-15 00:00:00",0.000857842322164669,0.0010675155873246171,0.0015224778377790859
"2021-09-16 00:00:00",0.001299469161570725,0.0019111182670028992,0.0017678332631044765
"2021-09-17 00:00:00",-0.0005254602305565112,0.0005905079329706433,0.004642423023472843
"2021-09-18 00:00:00",0.0010986406612338317,0.002068551653446825,0.001549083090555542
"2021-09-19 00:00:00",0.002633398633987246,0.003047446162246088,0.003680222066350179
"2021-09-20 00:00:00",0.0002566067632029815,0.00009043531501888858,0.000700614424151621
"2021-09-21 00:00:00",0.00040172311529871647,0.007149416817504591,-0.005626991933207475
"2021-09-22 00:00:00",-0.00010728269405484323,0.0009799271270553099,0.00024335891860113797
"2021-09-23 00:00:00",0.0008547542846509235,0.0020234305450951076,-0.0007009280766246724
"2021-09-24 00:00:00",-0.0008244438912941641,-0.0005738426464720717,-0.000978320428168225
"2021-09-25 00:00:00",0.0013100867478011713,0.0022624369125310716,-0.0016955428876149088
"2021-09-26 00:00:00",0.0011860566390475985,0.0019339773523710253,0.0009727922440078128
"2021-09-27 00:00:00",-0.006092316096196145,-0.003004632820875585,-0.0075765033300992796
"2021-09-28 00:00:00",-0.0012004032940829224,-0.001726043663827929,-0.001986904274620975
"2021-09-29 00:00:00",0.0014493041566189544,0.0019966444728265888,0.0020931743365821117
"2021-09-30 00:00:00",0.0016770015870472697,0.0020438677497395283,0.0011716519697248413
"2021-10-01 00:00:00",0.0012143122509373505,0.0021477988039066173,0.0018191067905010871
"2021-10-02 00:00:00",0.0027482231914094475,0.0034290246614562814,0.004056567190229106
"2021-10-03 00:00:00",0.0007601114883735794,0.001351499137591837,0.0007850135869139054
"2021-10-04 00:00:00",0.0013960316609678697,0.0012913573763342673,0.001453395818100843
"2021-10-05 00:00:00",0.0006205112186845216,0.00006507896487469055,0.000864119626033903
"2021-10-06 00:00:00",0.0006506021970186679,0.001643065314563991,0.0007679685798000289
"2021-10-07 00:00:00",0.002161374264910036,0.0020392055713153705,0.002678206302749304
"2021-10-08 00:00:00",0.0003257779273511786,0.0003712636914411616,0.002409499718062418
"2021-10-09 00:00:00",0.001374525830818724,0.0012332140769506354,0.0011520403458584597
"2021-10-10 00:00:00",0.0015304369807390477,0.0016104812080867728,0.0019699954947844977
"2021-10-11 00:00:00",0.0024892244441208793,0.002600522287354009,0.0015571708999677315
"2021-10-12 00:00:00",0.003087994884963303,0.002588545959699107,0.003387734621794288
"2021-10-13 00:00:00",0.0027051174603735842,0.0023787057773710677,0.0019041943062254156
"2021-10-14 00:00:00",0.0011394865985618434,0.002024278140061777,0.0010109073322435381
"2021-10-15 00:00:00",0.0029615626119348314,0.002898712111166715,0.0035641824520222555
"2021-10-16 00:00:00",0.003766867275388749,0.004166397115557602,0.0037491464078760273
"2021-10-17 00:00:00",0.0008547504808595582,0.001417294055208445,0.00017133203732323812
"2021-10-18 00:00:00",0.0007681374845087995,-0.000211277639606298,0.0018963459381917632
"2021-10-19 00:00:00",0.003649594689385029,0.0019951724859130293,0.0006545118978338475
"2021-10-20 00:00:00",0.0012756519847883592,0.00406060670185854,0.0050245732118894375
"2021-10-21 00:00:00",0.00015423256960193942,-0.00007031588852606339,0.0012198791212793953
"2021-10-22 00:00:00",0.004399689484161286,0.004357393392999898,0.004883870550036552
"2021-10-23 00:00:00",0.00475331831666758,0.005287506409261784,0.005996524892258153
"2021-10-24 00:00:00",0.0038563159720428246,0.0009387609597309025,0.004907487982027547
"2021-10-25 00:00:00",0.003947266670287595,0.004476277166762215,0.005013145949188343
"2021-10-26 00:00:00",0.0039217194045724525,0.000518160614344335,0.005616243431331567
"2021-10-27 00:00:00",0.000537749333754399,0.000471435655761003,0.000595158098153296
"2021-10-28 00:00:00",0.0030320277768512626,0.0032093493353852103,0.0018175254384749215
"2021-10-29 00:00:00",0.0022482735464270263,0.0019070291682983837,0.0031587570869100736
"2021-10-30 00:00:00",0.00216655970297848,0.00190555520402327,0.0035786749873334
"2021-10-31 00:00:00",0.0006173876319790709,0.0001057141173480277,0.0012129864064547309
"2021-11-01 00:00:00",0.0011625253037908065,0.0008308485985297688,0.0007034013839892594
"2021-11-02 00:00:00",-0.0028174945334525593,0.000006872161130610589,-0.003135827596598966
"2021-11-03 00:00:00",0.0014345606480066525,0.0008305758068531357,0.0016936885783272967
"2021-11-04 00:00:00",0.0031262390674434166,0.0034765706082104547,0.0035431835723558867
"2021-11-05 00:00:00",0.002807318081646789,0.003115373449784575,0.004360904167934328
"2021-11-06 00:00:00",0.0018421605875934457,0.0028352362921053743,0.0017827415615538614
"2021-11-07 00:00:00",0.0023476324050776846,-0.0003332396943308967,0.0027179036433521227
"2021-11-08 00:00:00",0.0016004204449465542,-0.0003011289203469683,0.0015967297522415922
"2021-11-09 00:00:00",0.002209377451041799,0.0027816429634426776,0.003959211639663822
"2021-11-10 00:00:00",0.003814638976866663,0.0026786582494437226,0.005239588770397775
"2021-11-11 00:00:00",0.0026509506624442613,0.0016682977873596256,0.0043218489552896925
"2021-11-12 00:00:00",0.0014346709483249154,0.0023120426722563936,0.003480751486735185
"2021-11-13 00:00:00",0.0038692788748759294,0.002972355298252949,0.004896931361913779
"2021-11-14 00:00:00",0.0026887771845643857,0.0008671764471444292,0.0025606469259383297
"2021-11-15 00:00:00",0.0021771574892053163,0.0033511142072572184,0.0036699295650571393
"2021-11-16 00:00:00",0.002238937216257529,0.0031283750657252088,0.00362236468753096
"2021-11-17 00:00:00",-0.00018988135700661216,0.004261698224047253,-0.0002741165496983858
"2021-11-18 00:00:00",0.00044632709096911993,-0.000958400488383919,0.0010207678201307458
"2021-11-19 00:00:00",0.0027126288217331363,0.0048082451997572455,0.004726356879131666
"2021-11-20 00:00:00",0.0034478135217685876,0.004355716946659762,0.0036684259111492267
"2021-11-21 00:00:00",0.003242035946501975,0.003459404218257803,0.0038638937458002147
"2021-11-22 00:00:00",-0.0004123479274594353,-0.0006458649125648024,0.0005481687542973611
"2021-11-23 00:00:00",0.0005708903748566879,0.0013180492297369336,0.0017223880979297438
"2021-11-24 00:00:00",0.0008296926787843395,-0.00004400782430575914,0.00002704621846472308
"2021-11-25 00:00:00",0.0003245655242027037,-0.002534547616868349,0.00036581224872164286
"2021-11-26 00:00:00",0.000408037541367925,-0.0010494884259156755,-0.0004983959936298988
"2021-11-27 00:00:00",0.00014779270078984577,-0.0005453609406485025,0.0004780746193927128
"2021-11-28 00:00:00",-0.000462944414491827,-0.0012458409144969847,-0.0016842419582693007
"2021-11-29 00:00:00",0.000015634663566745334,-0.001447994702694521,-0.00007641324826410985
"2021-11-30 00:00:00",-0.001023786009594901,-0.0021044111293756357,-0.0019339814073751653
"2021-12-01 00:00:00",-0.00037968230928858406,-0.00125325971605209,0.0007505381959491836
"2021-12-02 00:00:00",-0.0003910693073611667,-0.0009624521846599725,-0.00010068006826690063
"2021-12-03 00:00:00",-0.00022686877207831442,0.0008663591617425499,0.0005825387947205235
"2021-12-04 00:00:00",-0.00142166097271928,-0.0013711296701277855,-0.001621137653654946
"2021-12-05 00:00:00",0.00008494896786131135,0.00045452494028164344,0.00015750447295074003
"2021-12-06 00:00:00",-0.0013304677397375979,-0.000692681415650694,-0.0015067273273852457
"2021-12-07 00:00:00",-0.00005690796834788428,0.0004427728394537942,-0.00009515709962214923
"2021-12-08 00:00:00",-0.0009078752998037786,-0.0002967436860689839,-0.0015801902479102205
"2021-12-09 00:00:00",-0.0007000674268450768,-0.0004431439853639261,-0.000418929221138514
"2021-12-10 00:00:00",-0.0020878227180724266,-0.0031357470370387505,-0.004825348516752419
"2021-12-11 00:00:00",-0.00014224360084164403,-0.00046126314980405794,-0.000313452119979265
"2021-12-12 00:00:00",-0.0013785090446901454,-0.0004567218581230901,-0.00013632198629733025
"2021-12-13 00:00:00",-0.0027239235081453644,-0.0030407316493220016,-0.0037130490770885816
"2021-12-14 00:00:00",-0.00045383413024883203,-0.00044454936755848,-0.00047218228146597376
"2021-12-15 00:00:00",-0.0010754071464269895,-0.0010876975120892815,-0.0012034134452878539
"2021-12-16 00:00:00",-0.0015107063586877279,-0.001059730003502718,-0.0013751127057231552
"2021-12-17 00:00:00",-0.0016396327339875108,0.0006460455186961775,-0.0012886843906975245
"2021-12-18 00:00:00",-0.0008022336779634669,-0.0019674508504343943,-0.0012164670772990467
"2021-12-19 00:00:00",0.00044796775325386956,-0.00195496745632401,-0.0002464073278773558
"2021-12-20 00:00:00",0.0015723835919739097,0.00024198319004790645,0.0022302073074600827
"2021-12-21 00:00:00",0.00020778440258871971,0.0017003757270305586,0.0022085791997010847
"2021-12-22 00:00:00",0.0025707458748250173,0.0019187349599948146,0.0011555138105835301
"2021-12-23 00:00:00",0.0007679379099778328,0.0035375358481880754,0.002055196736557417
"2021-12-24 00:00:00",0.0012460088372652194,0.0037966706100538176,0.002171205032978123
"2021-12-25 00:00:00",0.0008407853347082478,0.0010739984101456918,0.002743939535646668
"2021-12-26 00:00:00",0.0009262699616805567,0.002120430163988535,0.0008080273495911304
"2021-12-27 00:00:00",-0.000015159665250841066,0.0009759628768042418,0.0014843074234653626
"2021-12-28 00:00:00",0.00020749972631441626,0.0005469334818443836,0.001223463761831849
"2021-12-29 00:00:00",-0.0023779892167025553,-0.00023435621819946708,-0.00024951236289620936
"2021-12-30 00:00:00",0.0002553884371170526,-0.0007303718692457974,0.00042730077216559566
"2021-12-31 00:00:00",0.0006018829938907145,-0.0012029937050774342,-0.0008213824223806794
"2022-01-01 00:00:00",0.0018442549902911822,0.0018418949371338453,0.0028277412652259522
"2022-01-02 00:00:00",0.0004753037447999399,-0.0006277277904756335,0.0007420855060947301
"2022-01-03 00:00:00",0.0009980191106954387,-0.0003937423421219125,0.001150150107645449
"2022-01-04 00:00:00",0.00016045718431876224,-0.002173826652420433,0.0029311245451558426
"2022-01-05 00:00:00",0.001155586224191145,0.003054365812258286,0.0032430480994327816
"2022-01-06 00:00:00",0.0008152362385048027,-0.002649205651511802,0.001143570987639083
"2022-01-07 00:00:00",0.0013285755057026386,-0.003982625788890008,0.0024678567076733228
"2022-01-08 00:00:00",-0.0006240961280430286,-0.006642853795075648,-0.0016399206284324983
"2022-01-09 00:00:00",-0.007772043877400028,-0.0032419853190369286,0.001970901613553944
"2022-01-10 00:00:00",0.00023853105466657026,-0.005537797696748792,0.0003056711822191327
"2022-01-11 00:00:00",0.00020422532796879103,-0.004590193108270831,0.0009599677010616864
"2022-01-12 00:00:00",0.0001829226116840803,-0.003813077975737495,0.0006525783893175723
"2022-01-13 00:00:00",0.00014679830226362248,-0.0062962119825985775,-0.00021643404638841825
"2022-01-14 00:00:00",0.000006789172284483216,-0.00516576739842116,0.0002649317625560486
"2022-01-15 00:00:00",0.0008146322149567068,-0.004678326785488789,0.0013357432917380154
"2022-01-16 00:00:00",0.000321910661662001,-0.005970756057315796,0.0010379450167463606
"2022-01-17 00:00:00",0.0010545527580957702,-0.003349089785335011,0.0016691755168764737
"2022-01-18 00:00:00",0.00024198012066788463,-0.0012883123184528598,0.00007468456287153228
"2022-01-19 00:00:00",-0.000295241816913972,0.001231206345448088,-0.00010145829776000551
"2022-01-20 00:00:00",-0.0003525272492042391,-0.00005385027931011469,0.00039601244996727834
"2022-01-21 00:00:00",-0.00028581556737048325,-0.002673884304692764,-0.0025443354898423546
"2022-01-22 00:00:00",-0.00002790826370331951,0.0009431958620186628,0.0021888131278949056
"2022-01-23 00:00:00",-0.0014884366455427721,0.002501555743813145,-0.0023296955516345632
"2022-01-24 00:00:00",0.0025133998080278316,0.003977050291491052,0.003908102871391724
"2022-01-25 00:00:00",-0.0007430403226247841,-0.0005966705551128395,-0.0005686344929156635
"2022-01-26 00:00:00",-0.003494400006148882,-0.0015054038523824676,-0.0036860036044867417
"2022-01-27 00:00:00",0.003094584477559075,0.005042912521745682,0.005126853873421552
"2022-01-28 00:00:00",0.0008584719574988804,0.0018444963503061072,0.0007171038673138676
"2022-01-29 00:00:00",0.00026444263941445735,0.0011956532282475826,0.0013924577812008626
"2022-01-30 00:00:00",0.0010752006082968796,0.0015530904693189583,0.001296026798258558
"2022-01-31 00:00:00",-0.0007269254851440474,0.001246477488978721,-0.0015840342703814928
"2022-02-01 00:00:00",-0.00019961662925661728,0.0005612247887770204,-0.0003656113728972346
"2022-02-02 00:00:00",-0.00004489690563600332,0.00008737819989800442,0.0010156515380801991
"2022-02-03 00:00:00",-0.0005217525205240399,0.0011132997175405375,-0.00016915277791010024
"2022-02-04 00:00:00",-0.0022546297915776304,-0.007909000205471738,-0.009385947848212148
"2022-02-05 00:00:00",0.0009440813541994544,0.0018992558275131824,0.0008646499540945444
"2022-02-06 00:00:00",-0.0002459559056372937,-0.00422355272571049,0.0004890228123211729
"2022-02-07 00:00:00",-0.00027577902655085226,0.0007906173655586237,-0.0018686189949327747
"2022-02-08 00:00:00",-0.00041003272815014994,0.0001858665175880156,0.0007079576647430706
"2022-02-09 00:00:00",0.00020872387488925657,-0.0002569954840043607,0.0003128704764391269
"2022-02-10 00:00:00",0.001552304032277464,0.0008269626600883592,0.0012753426315300453
"2022-02-11 00:00:00",0.0012275564926814118,0.0015936882300262901,0.001654996321773604
"2022-02-12 00:00:00",0.0003436182144314383,-0.0006783645777960641,-0.0003049701561951426
"2022-02-13 00:00:00",-0.0009426836176087372,-0.0009977288267903766,-0.0015708032931874814
"2022-02-14 00:00:00",0.00016531061085207002,0.0007054045512437196,0.00024072410311181829
"2022-02-15 00:00:00",-0.00009327176117565893,0.0005634067197912807,0.00024272061730116887
"2022-02-16 00:00:00",0.001125422348762117,0.00035283760257868925,0.0011861870803425091
"2022-02-17 00:00:00",0.0013709381673656972,0.0001495260815730165,0.00045647955605308306
"2022-02-18 00:00:00",-0.00012631925873854956,0.00024190671529227673,0.0008216369635471311
"2022-02-19 00:00:00",-0.00010077771176595152,0.00048058710428764616,-0.00012878606200725253
"2022-02-20 00:00:00",0.0010000672346270323,0.0022369021379522445,0.0019121946604556078
"2022-02-21 00:00:00",0.0003167203902393409,-0.0006964147940758354,0.0010335719657002156
"2022-02-22 00:00:00",-0.002555751836887176,-0.002668692535736603,-0.001240736717502997
"2022-02-23 00:00:00",-0.00002063768646437883,0.0002666941800370142,-0.00021923195206544508
"2022-02-24 00:00:00",-0.001005982800357921,0.00040681892926886616,-0.0003939215353340286
"2022-02-25 00:00:00",0.0016931439109820739,0.0020455089966565565,0.002516896427523597
"2022-02-26 00:00:00",0.0005238081711094746,0.000251333231981739,0.0006907038046888942
"2022-02-27 00:00:00",0.0003164607557301844,0.0009596508595902977,0.0011564587607060491
"2022-02-28 00:00:00",-0.0023348317611491085,-0.0006714784612040945,-0.0015499119333004052
"2022-03-01 00:00:00",-0.0017893231737231637,-0.0013008452273664077,-0.0016542935122021243
"2022-03-02 00:00:00",0.0003553372105611821,0.0011500206129513464,0.0014566607476398368
"2022-03-03 00:00:00",0.00125469686004365,0.000534845795052182,0.0008565157499276773
"2022-03-04 00:00:00",-0.0019853663899830876,-0.0009259441661319795,0.001696611094070161
"2022-03-05 00:00:00",0.000765773979689965,0.0006690039921254066,0.0010173549142132915
"2022-03-06 00:00:00",0.0008102785340807188,0.00037900140222413904,0.0009863612830148714
"2022-03-07 00:00:00",0.001287045498630719,0.0007538830124847234,-0.0005554799516918338
"2022-03-08 00:00:00",-0.0007333428975157691,-0.0002810912008861167,-0.0008031845769081335
"2022-03-09 00:00:00",0.00012607209366793842,0.00024388960108443834,0.00011979463877002429
"2022-03-10 00:00:00",0.0003322917290038313,0.0003462906955676066,0.00011105893552058248
"2022-03-11 00:00:00",0.00035425637595879963,0.000056781391299739515,-0.00009931669292698277
"2022-03-12 00:00:00",0.0010914115485925891,0.0014576781627732979,0.0016427980566208519
"2022-03-13 00:00:00",0.00045913535279291034,-0.000012293595329672851,-0.00003929596304697201
"2022-03-14 00:00:00",-0.0007723970035956859,-0.001264611781638045,-0.0016725562494842093
"2022-03-15 00:00:00",0.0008612251143877296,0.0016803784358642247,0.0008927334282624295
"2022-03-16 00:00:00",0.000027262464699335138,0.00017357757917811382,0.00015956449430724347
"2022-03-17 00:00:00",-0.0003152746367015402,-0.00048069358031765117,-0.0007771765172711515
"2022-03-18 00:00:00",-0.0004494920601864869,-0.00011003802624220348,0.0011220220372887492
"2022-03-19 00:00:00",0.00030425282820880706,0.0012033135601102949,0.00039783875476146515
"2022-03-20 00:00:00",0.0002456962962863729,-0.00021864907631295347,-0.00033151759886070644
"2022-03-21 00:00:00",-0.00021703744325325496,-0.0006122961730757654,-0.0002453772771788166
"2022-03-22 00:00:00",-0.00019991145290172886,-0.00012346258640519322,0.000041911408390255274
"2022-03-23 00:00:00",-0.0026887548038858253,-0.0029277198435355392,-0.00513791670695484
"2022-03-24 00:00:00",0.00013279065464679425,-0.0012298425563881405,-0.0018305392052241395
"2022-03-25 00:00:00",-0.001086821148716586,-0.0006611793618567713,-0.0003652621290499824
"2022-03-26 00:00:00",-0.001172006682391059,-0.0008735833098819903,-0.0007308929772372449
"2022-03-27 00:00:00",-0.0022412287292806095,-0.002486965385202125,-0.002279924066134149
"2022-03-28 00:00:00",0.000030279127664965492,-0.0015354723776761486,-0.00022868655366469474
"2022-03-29 00:00:00",-0.0008633510466175637,-0.0005288269812592828,0.00018366098629843316
"2022-03-30 00:00:00",-0.0006279634486734805,-0.00002391900558701276,0.00008333518740028918
"2022-03-31 00:00:00",-0.00024435227429144614,0.00018662951923840033,0.000007852157941696617
"2022-04-01 00:00:00",-0.001144043087584861,-0.00019342398305498726,-0.000618405974502677
"2022-04-02 00:00:00",0.0003864172299718857,0.0010174950924244069,0.0007746673073087081
"2022-04-03 00:00:00",-0.0009720545173837005,-0.0006920520688758775,-0.0008972640677320892
"2022-04-04 00:00:00",0.0003612799480025318,0.00030336934452830655,-0.00012163161528183141
"2022-04-05 00:00:00",0.0006735669091184586,0.0003561569099115765,0.0008679569798810194
"2022-04-06 00:00:00",0.0008600563533260645,0.001415676441139188,0.0014099736882523077
"2022-04-07 00:00:00",0.0008486095275999676,0.00023895118000849397,0.0005354554857810326
"2022-04-08 00:00:00",-0.0009798755589450587,-0.0009694182759403179,-0.0016290395049074603
"2022-04-09 00:00:00",-0.0018014595647361398,-0.0015022889542850718,-0.001929591295139983
"2022-04-10 00:00:00",0.0010975171899452213,0.0015677656033989678,0.0018874936013719684
"2022-04-11 00:00:00",0.00024124990821483905,-0.00030645659089477303,0.00016667624686024315